sample_id,problem_id,Full Problem,CSP,Full Answer,Variables,Equations,depth,Pred Values,Heldout Value,Rewritten Problem,Possible Questions,Given_Conditions,k,diff_score,goal_var,leaf_nodes_all,relevant_leaf,ancestors_goal,distractor_vars,dist_max,dist_mean,num_vars,num_rules,answer,all_variables,graph,rule_records,pred_values_dict,has_distractor,has_merge,ksufficient_found,y_cand_count,sampled_num_vars_target,sampled_num_rules_target,sampled_depth_target,sampled_target_relevant_leaves,actual_relevant_leaf_count,sampled_holdout_k_target
ded0b8b0d967_k3_0,ded0b8b0d967,"A1 = 23
B1 = 9
B2 = 7
D1 = 30
D2 = 19
F2 = 27
G1 = 17
I2 = 26
J1 = 26
M1 = 5
P1 = 12
U1 = 27
X1 = 10
Z1 = 16
C1 = (A1 + B1) * 2
E1 = A1 + D1
F1 = C1 - E1
H1 = C1 - G1
I1 = (F1 + H1) * 2
K1 = (F1 + J1) * 4
L1 = I1 + K1
N1 = (K1 + M1) * 2
O1 = N1 - L1
Q1 = P1 + 6
R1 = Q1 - 10
S1 = R1 + 11
T1 = S1 - 7
V1 = U1 / 3
W1 = V1 - 3
Y1 = (W1 + X1) * 4
A2 = Y1 - Z1
C2 = B2 * 4
E2 = (C2 + D2) * 3
G2 = F2 + 3
H2 = G2 / 3
J2 = (H2 + I2) * 2
What is O1?","Variables:
A1 = 23 [known_leaf]
A2 [derived_distractor]
B1 = 9 [known_leaf]
B2 = 7 [known_leaf_distractor]
C1 [derived]
C2 [derived_distractor]
D1 = 30 [known_leaf]
D2 = 19 [known_leaf_distractor]
E1 [derived]
E2 [derived_distractor]
F1 [derived]
F2 = 27 [known_leaf_distractor]
G1 = 17 [known_leaf]
G2 [derived_distractor]
H1 [derived]
H2 [derived_distractor]
I1 [derived]
I2 = 26 [known_leaf_distractor]
J1 = 26 [known_leaf]
J2 [derived_distractor]
K1 [derived]
L1 [derived]
M1 = 5 [known_leaf]
N1 [derived]
O1 [goal]
P1 = 12 [known_leaf_distractor]
Q1 [derived_distractor]
R1 [derived_distractor]
S1 [derived_distractor]
T1 [derived_distractor]
U1 = 27 [known_leaf_distractor]
V1 [derived_distractor]
W1 [derived_distractor]
X1 = 10 [known_leaf_distractor]
Y1 [derived_distractor]
Z1 = 16 [known_leaf_distractor]

Equations:
C1 = (A1 + B1) * 2 [sum_mul_k]
E1 = A1 + D1 [add_xy]
F1 = C1 - E1 [sub_xy]
H1 = C1 - G1 [sub_xy]
I1 = (F1 + H1) * 2 [sum_mul_k]
K1 = (F1 + J1) * 4 [sum_mul_k]
L1 = I1 + K1 [add_xy]
N1 = (K1 + M1) * 2 [sum_mul_k]
O1 = N1 - L1 [sub_xy]
Q1 = P1 + 6 [add_k]
R1 = Q1 - 10 [sub_k]
S1 = R1 + 11 [add_k]
T1 = S1 - 7 [sub_k]
V1 = U1 / 3 [div_k]
W1 = V1 - 3 [sub_k]
Y1 = (W1 + X1) * 4 [sum_mul_k]
A2 = Y1 - Z1 [sub_xy]
C2 = B2 * 4 [mul_k]
E2 = (C2 + D2) * 3 [sum_mul_k]
G2 = F2 + 3 [add_k]
H2 = G2 / 3 [div_k]
J2 = (H2 + I2) * 2 [sum_mul_k]

Goal:
O1 [goal]",42,"{""A1"": ""known_leaf"", ""B1"": ""known_leaf"", ""C1"": ""derived"", ""D1"": ""known_leaf"", ""E1"": ""derived"", ""F1"": ""derived"", ""G1"": ""known_leaf"", ""H1"": ""derived"", ""I1"": ""derived"", ""J1"": ""known_leaf"", ""K1"": ""derived"", ""L1"": ""derived"", ""M1"": ""known_leaf"", ""N1"": ""derived"", ""O1"": ""goal"", ""P1"": ""known_leaf_distractor"", ""Q1"": ""derived_distractor"", ""R1"": ""derived_distractor"", ""S1"": ""derived_distractor"", ""T1"": ""derived_distractor"", ""U1"": ""known_leaf_distractor"", ""V1"": ""derived_distractor"", ""W1"": ""derived_distractor"", ""X1"": ""known_leaf_distractor"", ""Y1"": ""derived_distractor"", ""Z1"": ""known_leaf_distractor"", ""A2"": ""derived_distractor"", ""B2"": ""known_leaf_distractor"", ""C2"": ""derived_distractor"", ""D2"": ""known_leaf_distractor"", ""E2"": ""derived_distractor"", ""F2"": ""known_leaf_distractor"", ""G2"": ""derived_distractor"", ""H2"": ""derived_distractor"", ""I2"": ""known_leaf_distractor"", ""J2"": ""derived_distractor""}","{""C1 = (A1 + B1) * 2"": ""sum_mul_k"", ""E1 = A1 + D1"": ""add_xy"", ""F1 = C1 - E1"": ""sub_xy"", ""H1 = C1 - G1"": ""sub_xy"", ""I1 = (F1 + H1) * 2"": ""sum_mul_k"", ""K1 = (F1 + J1) * 4"": ""sum_mul_k"", ""L1 = I1 + K1"": ""add_xy"", ""N1 = (K1 + M1) * 2"": ""sum_mul_k"", ""O1 = N1 - L1"": ""sub_xy"", ""Q1 = P1 + 6"": ""add_k"", ""R1 = Q1 - 10"": ""sub_k"", ""S1 = R1 + 11"": ""add_k"", ""T1 = S1 - 7"": ""sub_k"", ""V1 = U1 / 3"": ""div_k"", ""W1 = V1 - 3"": ""sub_k"", ""Y1 = (W1 + X1) * 4"": ""sum_mul_k"", ""A2 = Y1 - Z1"": ""sub_xy"", ""C2 = B2 * 4"": ""mul_k"", ""E2 = (C2 + D2) * 3"": ""sum_mul_k"", ""G2 = F2 + 3"": ""add_k"", ""H2 = G2 / 3"": ""div_k"", ""J2 = (H2 + I2) * 2"": ""sum_mul_k""}",5,"A1 = 23
A2 = 48
B1 = 9
B2 = 7
C1 = 64
C2 = 28
D1 = 30
D2 = 19
E1 = 53
E2 = 141
F1 = 11
F2 = 27
G1 = 17
G2 = 30
H1 = 47
H2 = 10
I1 = 116
I2 = 26
J1 = 26
J2 = 72
K1 = 148
L1 = 264
M1 = 5
N1 = 306
O1 = 42
P1 = 12
Q1 = 18
R1 = 8
S1 = 19
T1 = 12
U1 = 27
V1 = 9
W1 = 6
X1 = 10
Y1 = 64
Z1 = 16","[""D1"", ""J1"", ""M1""]","Variables:
A1 = 23
A2
B1 = 9
B2 = 7
C1
C2
D1
D2 = 19
E1
E2
F1
F2 = 27
G1 = 17
G2
H1
H2
I1
I2 = 26
J1
J2
K1
L1
M1
N1
O1
P1 = 12
Q1
R1
S1
T1
U1 = 27
V1
W1
X1 = 10
Y1
Z1 = 16

Equations:
C1 = (A1 + B1) * 2
E1 = A1 + D1
F1 = C1 - E1
H1 = C1 - G1
I1 = (F1 + H1) * 2
K1 = (F1 + J1) * 4
L1 = I1 + K1
N1 = (K1 + M1) * 2
O1 = N1 - L1
Q1 = P1 + 6
R1 = Q1 - 10
S1 = R1 + 11
T1 = S1 - 7
V1 = U1 / 3
W1 = V1 - 3
Y1 = (W1 + X1) * 4
A2 = Y1 - Z1
C2 = B2 * 4
E2 = (C2 + D2) * 3
G2 = F2 + 3
H2 = G2 / 3
J2 = (H2 + I2) * 2

Goal:
O1","[""A1"", ""B1"", ""D1"", ""G1"", ""J1"", ""M1"", ""P1"", ""U1"", ""X1"", ""Z1"", ""B2"", ""D2"", ""F2"", ""I2""]","[""A1"", ""B1"", ""G1"", ""P1"", ""U1"", ""X1"", ""Z1"", ""B2"", ""D2"", ""F2"", ""I2""]",3,5.0,O1,"[""A1"", ""B1"", ""D1"", ""G1"", ""J1"", ""M1"", ""P1"", ""U1"", ""X1"", ""Z1"", ""B2"", ""D2"", ""F2"", ""I2""]","[""A1"", ""B1"", ""D1"", ""G1"", ""J1"", ""M1""]","[""A1"", ""B1"", ""C1"", ""D1"", ""E1"", ""F1"", ""G1"", ""H1"", ""I1"", ""J1"", ""K1"", ""L1"", ""M1"", ""N1""]","[""P1"", ""Q1"", ""R1"", ""S1"", ""T1"", ""U1"", ""V1"", ""W1"", ""X1"", ""Y1"", ""Z1"", ""A2"", ""B2"", ""C2"", ""D2"", ""E2"", ""F2"", ""G2"", ""H2"", ""I2"", ""J2""]",5,3.333,36,22,42,"[""A1"", ""B1"", ""C1"", ""D1"", ""E1"", ""F1"", ""G1"", ""H1"", ""I1"", ""J1"", ""K1"", ""L1"", ""M1"", ""N1"", ""O1"", ""P1"", ""Q1"", ""R1"", ""S1"", ""T1"", ""U1"", ""V1"", ""W1"", ""X1"", ""Y1"", ""Z1"", ""A2"", ""B2"", ""C2"", ""D2"", ""E2"", ""F2"", ""G2"", ""H2"", ""I2"", ""J2""]","{""nodes"": [{""id"": ""A1"", ""depth"": 0, ""value"": 23, ""is_leaf"": true, ""is_goal"": false}, {""id"": ""B1"", ""depth"": 0, ""value"": 9, ""is_leaf"": true, ""is_goal"": false}, {""id"": ""C1"", ""depth"": 1, ""value"": 64, ""is_leaf"": false, ""is_goal"": false}, {""id"": ""D1"", ""depth"": 0, ""value"": 30, ""is_leaf"": true, ""is_goal"": false}, {""id"": ""E1"", ""depth"": 1, ""value"": 53, ""is_leaf"": false, ""is_goal"": false}, {""id"": ""F1"", ""depth"": 2, ""value"": 11, ""is_leaf"": false, ""is_goal"": false}, {""id"": ""G1"", ""depth"": 0, ""value"": 17, ""is_leaf"": true, ""is_goal"": false}, {""id"": ""H1"", ""depth"": 2, ""value"": 47, ""is_leaf"": false, ""is_goal"": false}, {""id"": ""I1"", ""depth"": 3, ""value"": 116, ""is_leaf"": false, ""is_goal"": false}, {""id"": ""J1"", ""depth"": 0, ""value"": 26, ""is_leaf"": true, ""is_goal"": false}, {""id"": ""K1"", ""depth"": 3, ""value"": 148, ""is_leaf"": false, ""is_goal"": false}, {""id"": ""L1"", ""depth"": 4, ""value"": 264, ""is_leaf"": false, ""is_goal"": false}, {""id"": ""M1"", ""depth"": 0, ""value"": 5, ""is_leaf"": true, ""is_goal"": false}, {""id"": ""N1"", ""depth"": 4, ""value"": 306, ""is_leaf"": false, ""is_goal"": false}, {""id"": ""O1"", ""depth"": 5, ""value"": 42, ""is_leaf"": false, ""is_goal"": true}, {""id"": ""P1"", ""depth"": 0, ""value"": 12, ""is_leaf"": true, ""is_goal"": false}, {""id"": ""Q1"", ""depth"": 1, ""value"": 18, ""is_leaf"": false, ""is_goal"": false}, {""id"": ""R1"", ""depth"": 2, ""value"": 8, ""is_leaf"": false, ""is_goal"": false}, {""id"": ""S1"", ""depth"": 3, ""value"": 19, ""is_leaf"": false, ""is_goal"": false}, {""id"": ""T1"", ""depth"": 4, ""value"": 12, ""is_leaf"": false, ""is_goal"": false}, {""id"": ""U1"", ""depth"": 0, ""value"": 27, ""is_leaf"": true, ""is_goal"": false}, {""id"": ""V1"", ""depth"": 1, ""value"": 9, ""is_leaf"": false, ""is_goal"": false}, {""id"": ""W1"", ""depth"": 2, ""value"": 6, ""is_leaf"": false, ""is_goal"": false}, {""id"": ""X1"", ""depth"": 0, ""value"": 10, ""is_leaf"": true, ""is_goal"": false}, {""id"": ""Y1"", ""depth"": 3, ""value"": 64, ""is_leaf"": false, ""is_goal"": false}, {""id"": ""Z1"", ""depth"": 0, ""value"": 16, ""is_leaf"": true, ""is_goal"": false}, {""id"": ""A2"", ""depth"": 4, ""value"": 48, ""is_leaf"": false, ""is_goal"": false}, {""id"": ""B2"", ""depth"": 0, ""value"": 7, ""is_leaf"": true, ""is_goal"": false}, {""id"": ""C2"", ""depth"": 1, ""value"": 28, ""is_leaf"": false, ""is_goal"": false}, {""id"": ""D2"", ""depth"": 0, ""value"": 19, ""is_leaf"": true, ""is_goal"": false}, {""id"": ""E2"", ""depth"": 2, ""value"": 141, ""is_leaf"": false, ""is_goal"": false}, {""id"": ""F2"", ""depth"": 0, ""value"": 27, ""is_leaf"": true, ""is_goal"": false}, {""id"": ""G2"", ""depth"": 1, ""value"": 30, ""is_leaf"": false, ""is_goal"": false}, {""id"": ""H2"", ""depth"": 2, ""value"": 10, ""is_leaf"": false, ""is_goal"": false}, {""id"": ""I2"", ""depth"": 0, ""value"": 26, ""is_leaf"": true, ""is_goal"": false}, {""id"": ""J2"", ""depth"": 3, ""value"": 72, ""is_leaf"": false, ""is_goal"": false}], ""edges"": [{""source"": ""A1"", ""target"": ""C1""}, {""source"": ""A1"", ""target"": ""E1""}, {""source"": ""B1"", ""target"": ""C1""}, {""source"": ""C1"", ""target"": ""F1""}, {""source"": ""C1"", ""target"": ""H1""}, {""source"": ""D1"", ""target"": ""E1""}, {""source"": ""E1"", ""target"": ""F1""}, {""source"": ""F1"", ""target"": ""I1""}, {""source"": ""F1"", ""target"": ""K1""}, {""source"": ""G1"", ""target"": ""H1""}, {""source"": ""H1"", ""target"": ""I1""}, {""source"": ""I1"", ""target"": ""L1""}, {""source"": ""J1"", ""target"": ""K1""}, {""source"": ""K1"", ""target"": ""L1""}, {""source"": ""K1"", ""target"": ""N1""}, {""source"": ""L1"", ""target"": ""O1""}, {""source"": ""M1"", ""target"": ""N1""}, {""source"": ""N1"", ""target"": ""O1""}, {""source"": ""P1"", ""target"": ""Q1""}, {""source"": ""Q1"", ""target"": ""R1""}, {""source"": ""R1"", ""target"": ""S1""}, {""source"": ""S1"", ""target"": ""T1""}, {""source"": ""U1"", ""target"": ""V1""}, {""source"": ""V1"", ""target"": ""W1""}, {""source"": ""W1"", ""target"": ""Y1""}, {""source"": ""X1"", ""target"": ""Y1""}, {""source"": ""Y1"", ""target"": ""A2""}, {""source"": ""Z1"", ""target"": ""A2""}, {""source"": ""B2"", ""target"": ""C2""}, {""source"": ""C2"", ""target"": ""E2""}, {""source"": ""D2"", ""target"": ""E2""}, {""source"": ""F2"", ""target"": ""G2""}, {""source"": ""G2"", ""target"": ""H2""}, {""source"": ""H2"", ""target"": ""J2""}, {""source"": ""I2"", ""target"": ""J2""}], ""rules"": [{""output"": ""C1"", ""inputs"": [""A1"", ""B1""], ""constant"": 2, ""rule_type"": ""sum_mul_k"", ""expression"": ""C1 = (A1 + B1) * 2""}, {""output"": ""E1"", ""inputs"": [""A1"", ""D1""], ""constant"": null, ""rule_type"": ""add_xy"", ""expression"": ""E1 = A1 + D1""}, {""output"": ""F1"", ""inputs"": [""C1"", ""E1""], ""constant"": null, ""rule_type"": ""sub_xy"", ""expression"": ""F1 = C1 - E1""}, {""output"": ""H1"", ""inputs"": [""C1"", ""G1""], ""constant"": null, ""rule_type"": ""sub_xy"", ""expression"": ""H1 = C1 - G1""}, {""output"": ""I1"", ""inputs"": [""F1"", ""H1""], ""constant"": 2, ""rule_type"": ""sum_mul_k"", ""expression"": ""I1 = (F1 + H1) * 2""}, {""output"": ""K1"", ""inputs"": [""F1"", ""J1""], ""constant"": 4, ""rule_type"": ""sum_mul_k"", ""expression"": ""K1 = (F1 + J1) * 4""}, {""output"": ""L1"", ""inputs"": [""I1"", ""K1""], ""constant"": null, ""rule_type"": ""add_xy"", ""expression"": ""L1 = I1 + K1""}, {""output"": ""N1"", ""inputs"": [""K1"", ""M1""], ""constant"": 2, ""rule_type"": ""sum_mul_k"", ""expression"": ""N1 = (K1 + M1) * 2""}, {""output"": ""O1"", ""inputs"": [""N1"", ""L1""], ""constant"": null, ""rule_type"": ""sub_xy"", ""expression"": ""O1 = N1 - L1""}, {""output"": ""Q1"", ""inputs"": [""P1""], ""constant"": 6, ""rule_type"": ""add_k"", ""expression"": ""Q1 = P1 + 6""}, {""output"": ""R1"", ""inputs"": [""Q1""], ""constant"": 10, ""rule_type"": ""sub_k"", ""expression"": ""R1 = Q1 - 10""}, {""output"": ""S1"", ""inputs"": [""R1""], ""constant"": 11, ""rule_type"": ""add_k"", ""expression"": ""S1 = R1 + 11""}, {""output"": ""T1"", ""inputs"": [""S1""], ""constant"": 7, ""rule_type"": ""sub_k"", ""expression"": ""T1 = S1 - 7""}, {""output"": ""V1"", ""inputs"": [""U1""], ""constant"": 3, ""rule_type"": ""div_k"", ""expression"": ""V1 = U1 / 3""}, {""output"": ""W1"", ""inputs"": [""V1""], ""constant"": 3, ""rule_type"": ""sub_k"", ""expression"": ""W1 = V1 - 3""}, {""output"": ""Y1"", ""inputs"": [""W1"", ""X1""], ""constant"": 4, ""rule_type"": ""sum_mul_k"", ""expression"": ""Y1 = (W1 + X1) * 4""}, {""output"": ""A2"", ""inputs"": [""Y1"", ""Z1""], ""constant"": null, ""rule_type"": ""sub_xy"", ""expression"": ""A2 = Y1 - Z1""}, {""output"": ""C2"", ""inputs"": [""B2""], ""constant"": 4, ""rule_type"": ""mul_k"", ""expression"": ""C2 = B2 * 4""}, {""output"": ""E2"", ""inputs"": [""C2"", ""D2""], ""constant"": 3, ""rule_type"": ""sum_mul_k"", ""expression"": ""E2 = (C2 + D2) * 3""}, {""output"": ""G2"", ""inputs"": [""F2""], ""constant"": 3, ""rule_type"": ""add_k"", ""expression"": ""G2 = F2 + 3""}, {""output"": ""H2"", ""inputs"": [""G2""], ""constant"": 3, ""rule_type"": ""div_k"", ""expression"": ""H2 = G2 / 3""}, {""output"": ""J2"", ""inputs"": [""H2"", ""I2""], ""constant"": 2, ""rule_type"": ""sum_mul_k"", ""expression"": ""J2 = (H2 + I2) * 2""}]}","[{""output"": ""C1"", ""inputs"": [""A1"", ""B1""], ""constant"": 2, ""rule_type"": ""sum_mul_k"", ""expression"": ""C1 = (A1 + B1) * 2""}, {""output"": ""E1"", ""inputs"": [""A1"", ""D1""], ""constant"": null, ""rule_type"": ""add_xy"", ""expression"": ""E1 = A1 + D1""}, {""output"": ""F1"", ""inputs"": [""C1"", ""E1""], ""constant"": null, ""rule_type"": ""sub_xy"", ""expression"": ""F1 = C1 - E1""}, {""output"": ""H1"", ""inputs"": [""C1"", ""G1""], ""constant"": null, ""rule_type"": ""sub_xy"", ""expression"": ""H1 = C1 - G1""}, {""output"": ""I1"", ""inputs"": [""F1"", ""H1""], ""constant"": 2, ""rule_type"": ""sum_mul_k"", ""expression"": ""I1 = (F1 + H1) * 2""}, {""output"": ""K1"", ""inputs"": [""F1"", ""J1""], ""constant"": 4, ""rule_type"": ""sum_mul_k"", ""expression"": ""K1 = (F1 + J1) * 4""}, {""output"": ""L1"", ""inputs"": [""I1"", ""K1""], ""constant"": null, ""rule_type"": ""add_xy"", ""expression"": ""L1 = I1 + K1""}, {""output"": ""N1"", ""inputs"": [""K1"", ""M1""], ""constant"": 2, ""rule_type"": ""sum_mul_k"", ""expression"": ""N1 = (K1 + M1) * 2""}, {""output"": ""O1"", ""inputs"": [""N1"", ""L1""], ""constant"": null, ""rule_type"": ""sub_xy"", ""expression"": ""O1 = N1 - L1""}, {""output"": ""Q1"", ""inputs"": [""P1""], ""constant"": 6, ""rule_type"": ""add_k"", ""expression"": ""Q1 = P1 + 6""}, {""output"": ""R1"", ""inputs"": [""Q1""], ""constant"": 10, ""rule_type"": ""sub_k"", ""expression"": ""R1 = Q1 - 10""}, {""output"": ""S1"", ""inputs"": [""R1""], ""constant"": 11, ""rule_type"": ""add_k"", ""expression"": ""S1 = R1 + 11""}, {""output"": ""T1"", ""inputs"": [""S1""], ""constant"": 7, ""rule_type"": ""sub_k"", ""expression"": ""T1 = S1 - 7""}, {""output"": ""V1"", ""inputs"": [""U1""], ""constant"": 3, ""rule_type"": ""div_k"", ""expression"": ""V1 = U1 / 3""}, {""output"": ""W1"", ""inputs"": [""V1""], ""constant"": 3, ""rule_type"": ""sub_k"", ""expression"": ""W1 = V1 - 3""}, {""output"": ""Y1"", ""inputs"": [""W1"", ""X1""], ""constant"": 4, ""rule_type"": ""sum_mul_k"", ""expression"": ""Y1 = (W1 + X1) * 4""}, {""output"": ""A2"", ""inputs"": [""Y1"", ""Z1""], ""constant"": null, ""rule_type"": ""sub_xy"", ""expression"": ""A2 = Y1 - Z1""}, {""output"": ""C2"", ""inputs"": [""B2""], ""constant"": 4, ""rule_type"": ""mul_k"", ""expression"": ""C2 = B2 * 4""}, {""output"": ""E2"", ""inputs"": [""C2"", ""D2""], ""constant"": 3, ""rule_type"": ""sum_mul_k"", ""expression"": ""E2 = (C2 + D2) * 3""}, {""output"": ""G2"", ""inputs"": [""F2""], ""constant"": 3, ""rule_type"": ""add_k"", ""expression"": ""G2 = F2 + 3""}, {""output"": ""H2"", ""inputs"": [""G2""], ""constant"": 3, ""rule_type"": ""div_k"", ""expression"": ""H2 = G2 / 3""}, {""output"": ""J2"", ""inputs"": [""H2"", ""I2""], ""constant"": 2, ""rule_type"": ""sum_mul_k"", ""expression"": ""J2 = (H2 + I2) * 2""}]","{""A1"": 23, ""B1"": 9, ""C1"": 64, ""D1"": 30, ""E1"": 53, ""F1"": 11, ""G1"": 17, ""H1"": 47, ""I1"": 116, ""J1"": 26, ""K1"": 148, ""L1"": 264, ""M1"": 5, ""N1"": 306, ""O1"": 42, ""P1"": 12, ""Q1"": 18, ""R1"": 8, ""S1"": 19, ""T1"": 12, ""U1"": 27, ""V1"": 9, ""W1"": 6, ""X1"": 10, ""Y1"": 64, ""Z1"": 16, ""A2"": 48, ""B2"": 7, ""C2"": 28, ""D2"": 19, ""E2"": 141, ""F2"": 27, ""G2"": 30, ""H2"": 10, ""I2"": 26, ""J2"": 72}",True,True,True,,33,24,5,8,6,3
0054914fba43_k2_0,0054914fba43,"A1 = 36
A2 = 4
B1 = 29
C2 = 9
D1 = 8
E2 = 26
G1 = 13
G2 = 14
J1 = 6
M1 = 4
P1 = 8
S1 = 10
X1 = 20
Y1 = 8
C1 = (A1 + B1) * 3
E1 = (A1 + D1) * 4
F1 = C1 - E1
H1 = C1 - G1
I1 = F1 + H1
K1 = H1 - J1
L1 = I1 - K1
N1 = I1 + M1
O1 = L1 + N1
Q1 = (L1 + P1) * 2
R1 = O1 + Q1
T1 = (Q1 + S1) * 2
U1 = R1 - T1
V1 = R1 - 11
W1 = V1 - U1
Z1 = X1 - Y1
B2 = Z1 + A2
D2 = C2 + 9
F2 = E2 - D2
H2 = (F2 + G2) * 3
What is W1?","Variables:
A1 = 36 [known_leaf]
A2 = 4 [known_leaf_distractor]
B1 = 29 [known_leaf]
B2 [derived_distractor]
C1 [derived]
C2 = 9 [known_leaf_distractor]
D1 = 8 [known_leaf]
D2 [derived_distractor]
E1 [derived]
E2 = 26 [known_leaf_distractor]
F1 [derived]
F2 [derived_distractor]
G1 = 13 [known_leaf]
G2 = 14 [known_leaf_distractor]
H1 [derived]
H2 [derived_distractor]
I1 [derived]
J1 = 6 [known_leaf]
K1 [derived]
L1 [derived]
M1 = 4 [known_leaf]
N1 [derived]
O1 [derived]
P1 = 8 [known_leaf]
Q1 [derived]
R1 [derived]
S1 = 10 [known_leaf]
T1 [derived]
U1 [derived]
V1 [derived]
W1 [goal]
X1 = 20 [known_leaf_distractor]
Y1 = 8 [known_leaf_distractor]
Z1 [derived_distractor]

Equations:
C1 = (A1 + B1) * 3 [sum_mul_k]
E1 = (A1 + D1) * 4 [sum_mul_k]
F1 = C1 - E1 [sub_xy]
H1 = C1 - G1 [sub_xy]
I1 = F1 + H1 [add_xy]
K1 = H1 - J1 [sub_xy]
L1 = I1 - K1 [sub_xy]
N1 = I1 + M1 [add_xy]
O1 = L1 + N1 [add_xy]
Q1 = (L1 + P1) * 2 [sum_mul_k]
R1 = O1 + Q1 [add_xy]
T1 = (Q1 + S1) * 2 [sum_mul_k]
U1 = R1 - T1 [sub_xy]
V1 = R1 - 11 [sub_k]
W1 = V1 - U1 [sub_xy]
Z1 = X1 - Y1 [sub_xy]
B2 = Z1 + A2 [add_xy]
D2 = C2 + 9 [add_k]
F2 = E2 - D2 [sub_xy]
H2 = (F2 + G2) * 3 [sum_mul_k]

Goal:
W1 [goal]",141,"{""A1"": ""known_leaf"", ""B1"": ""known_leaf"", ""C1"": ""derived"", ""D1"": ""known_leaf"", ""E1"": ""derived"", ""F1"": ""derived"", ""G1"": ""known_leaf"", ""H1"": ""derived"", ""I1"": ""derived"", ""J1"": ""known_leaf"", ""K1"": ""derived"", ""L1"": ""derived"", ""M1"": ""known_leaf"", ""N1"": ""derived"", ""O1"": ""derived"", ""P1"": ""known_leaf"", ""Q1"": ""derived"", ""R1"": ""derived"", ""S1"": ""known_leaf"", ""T1"": ""derived"", ""U1"": ""derived"", ""V1"": ""derived"", ""W1"": ""goal"", ""X1"": ""known_leaf_distractor"", ""Y1"": ""known_leaf_distractor"", ""Z1"": ""derived_distractor"", ""A2"": ""known_leaf_distractor"", ""B2"": ""derived_distractor"", ""C2"": ""known_leaf_distractor"", ""D2"": ""derived_distractor"", ""E2"": ""known_leaf_distractor"", ""F2"": ""derived_distractor"", ""G2"": ""known_leaf_distractor"", ""H2"": ""derived_distractor""}","{""C1 = (A1 + B1) * 3"": ""sum_mul_k"", ""E1 = (A1 + D1) * 4"": ""sum_mul_k"", ""F1 = C1 - E1"": ""sub_xy"", ""H1 = C1 - G1"": ""sub_xy"", ""I1 = F1 + H1"": ""add_xy"", ""K1 = H1 - J1"": ""sub_xy"", ""L1 = I1 - K1"": ""sub_xy"", ""N1 = I1 + M1"": ""add_xy"", ""O1 = L1 + N1"": ""add_xy"", ""Q1 = (L1 + P1) * 2"": ""sum_mul_k"", ""R1 = O1 + Q1"": ""add_xy"", ""T1 = (Q1 + S1) * 2"": ""sum_mul_k"", ""U1 = R1 - T1"": ""sub_xy"", ""V1 = R1 - 11"": ""sub_k"", ""W1 = V1 - U1"": ""sub_xy"", ""Z1 = X1 - Y1"": ""sub_xy"", ""B2 = Z1 + A2"": ""add_xy"", ""D2 = C2 + 9"": ""add_k"", ""F2 = E2 - D2"": ""sub_xy"", ""H2 = (F2 + G2) * 3"": ""sum_mul_k""}",8,"A1 = 36
A2 = 4
B1 = 29
B2 = 16
C1 = 195
C2 = 9
D1 = 8
D2 = 18
E1 = 176
E2 = 26
F1 = 19
F2 = 8
G1 = 13
G2 = 14
H1 = 182
H2 = 66
I1 = 201
J1 = 6
K1 = 176
L1 = 25
M1 = 4
N1 = 205
O1 = 230
P1 = 8
Q1 = 66
R1 = 296
S1 = 10
T1 = 152
U1 = 144
V1 = 285
W1 = 141
X1 = 20
Y1 = 8
Z1 = 12","[""D1"", ""S1""]","Variables:
A1 = 36
A2 = 4
B1 = 29
B2
C1
C2 = 9
D1
D2
E1
E2 = 26
F1
F2
G1 = 13
G2 = 14
H1
H2
I1
J1 = 6
K1
L1
M1 = 4
N1
O1
P1 = 8
Q1
R1
S1
T1
U1
V1
W1
X1 = 20
Y1 = 8
Z1

Equations:
C1 = (A1 + B1) * 3
E1 = (A1 + D1) * 4
F1 = C1 - E1
H1 = C1 - G1
I1 = F1 + H1
K1 = H1 - J1
L1 = I1 - K1
N1 = I1 + M1
O1 = L1 + N1
Q1 = (L1 + P1) * 2
R1 = O1 + Q1
T1 = (Q1 + S1) * 2
U1 = R1 - T1
V1 = R1 - 11
W1 = V1 - U1
Z1 = X1 - Y1
B2 = Z1 + A2
D2 = C2 + 9
F2 = E2 - D2
H2 = (F2 + G2) * 3

Goal:
W1","[""A1"", ""B1"", ""D1"", ""G1"", ""J1"", ""M1"", ""P1"", ""S1"", ""X1"", ""Y1"", ""A2"", ""C2"", ""E2"", ""G2""]","[""A1"", ""B1"", ""G1"", ""J1"", ""M1"", ""P1"", ""X1"", ""Y1"", ""A2"", ""C2"", ""E2"", ""G2""]",2,8.0,W1,"[""A1"", ""B1"", ""D1"", ""G1"", ""J1"", ""M1"", ""P1"", ""S1"", ""X1"", ""Y1"", ""A2"", ""C2"", ""E2"", ""G2""]","[""A1"", ""B1"", ""D1"", ""G1"", ""J1"", ""M1"", ""P1"", ""S1""]","[""A1"", ""B1"", ""C1"", ""D1"", ""E1"", ""F1"", ""G1"", ""H1"", ""I1"", ""J1"", ""K1"", ""L1"", ""M1"", ""N1"", ""O1"", ""P1"", ""Q1"", ""R1"", ""S1"", ""T1"", ""U1"", ""V1""]","[""X1"", ""Y1"", ""Z1"", ""A2"", ""B2"", ""C2"", ""D2"", ""E2"", ""F2"", ""G2"", ""H2""]",8,5.5,34,20,141,"[""A1"", ""B1"", ""C1"", ""D1"", ""E1"", ""F1"", ""G1"", ""H1"", ""I1"", ""J1"", ""K1"", ""L1"", ""M1"", ""N1"", ""O1"", ""P1"", ""Q1"", ""R1"", ""S1"", ""T1"", ""U1"", ""V1"", ""W1"", ""X1"", ""Y1"", ""Z1"", ""A2"", ""B2"", ""C2"", ""D2"", ""E2"", ""F2"", ""G2"", ""H2""]","{""nodes"": [{""id"": ""A1"", ""depth"": 0, ""value"": 36, ""is_leaf"": true, ""is_goal"": false}, {""id"": ""B1"", ""depth"": 0, ""value"": 29, ""is_leaf"": true, ""is_goal"": false}, {""id"": ""C1"", ""depth"": 1, ""value"": 195, ""is_leaf"": false, ""is_goal"": false}, {""id"": ""D1"", ""depth"": 0, ""value"": 8, ""is_leaf"": true, ""is_goal"": false}, {""id"": ""E1"", ""depth"": 1, ""value"": 176, ""is_leaf"": false, ""is_goal"": false}, {""id"": ""F1"", ""depth"": 2, ""value"": 19, ""is_leaf"": false, ""is_goal"": false}, {""id"": ""G1"", ""depth"": 0, ""value"": 13, ""is_leaf"": true, ""is_goal"": false}, {""id"": ""H1"", ""depth"": 2, ""value"": 182, ""is_leaf"": false, ""is_goal"": false}, {""id"": ""I1"", ""depth"": 3, ""value"": 201, ""is_leaf"": false, ""is_goal"": false}, {""id"": ""J1"", ""depth"": 0, ""value"": 6, ""is_leaf"": true, ""is_goal"": false}, {""id"": ""K1"", ""depth"": 3, ""value"": 176, ""is_leaf"": false, ""is_goal"": false}, {""id"": ""L1"", ""depth"": 4, ""value"": 25, ""is_leaf"": false, ""is_goal"": false}, {""id"": ""M1"", ""depth"": 0, ""value"": 4, ""is_leaf"": true, ""is_goal"": false}, {""id"": ""N1"", ""depth"": 4, ""value"": 205, ""is_leaf"": false, ""is_goal"": false}, {""id"": ""O1"", ""depth"": 5, ""value"": 230, ""is_leaf"": false, ""is_goal"": false}, {""id"": ""P1"", ""depth"": 0, ""value"": 8, ""is_leaf"": true, ""is_goal"": false}, {""id"": ""Q1"", ""depth"": 5, ""value"": 66, ""is_leaf"": false, ""is_goal"": false}, {""id"": ""R1"", ""depth"": 6, ""value"": 296, ""is_leaf"": false, ""is_goal"": false}, {""id"": ""S1"", ""depth"": 0, ""value"": 10, ""is_leaf"": true, ""is_goal"": false}, {""id"": ""T1"", ""depth"": 6, ""value"": 152, ""is_leaf"": false, ""is_goal"": false}, {""id"": ""U1"", ""depth"": 7, ""value"": 144, ""is_leaf"": false, ""is_goal"": false}, {""id"": ""V1"", ""depth"": 7, ""value"": 285, ""is_leaf"": false, ""is_goal"": false}, {""id"": ""W1"", ""depth"": 8, ""value"": 141, ""is_leaf"": false, ""is_goal"": true}, {""id"": ""X1"", ""depth"": 0, ""value"": 20, ""is_leaf"": true, ""is_goal"": false}, {""id"": ""Y1"", ""depth"": 0, ""value"": 8, ""is_leaf"": true, ""is_goal"": false}, {""id"": ""Z1"", ""depth"": 1, ""value"": 12, ""is_leaf"": false, ""is_goal"": false}, {""id"": ""A2"", ""depth"": 0, ""value"": 4, ""is_leaf"": true, ""is_goal"": false}, {""id"": ""B2"", ""depth"": 2, ""value"": 16, ""is_leaf"": false, ""is_goal"": false}, {""id"": ""C2"", ""depth"": 0, ""value"": 9, ""is_leaf"": true, ""is_goal"": false}, {""id"": ""D2"", ""depth"": 1, ""value"": 18, ""is_leaf"": false, ""is_goal"": false}, {""id"": ""E2"", ""depth"": 0, ""value"": 26, ""is_leaf"": true, ""is_goal"": false}, {""id"": ""F2"", ""depth"": 2, ""value"": 8, ""is_leaf"": false, ""is_goal"": false}, {""id"": ""G2"", ""depth"": 0, ""value"": 14, ""is_leaf"": true, ""is_goal"": false}, {""id"": ""H2"", ""depth"": 3, ""value"": 66, ""is_leaf"": false, ""is_goal"": false}], ""edges"": [{""source"": ""A1"", ""target"": ""C1""}, {""source"": ""A1"", ""target"": ""E1""}, {""source"": ""B1"", ""target"": ""C1""}, {""source"": ""C1"", ""target"": ""F1""}, {""source"": ""C1"", ""target"": ""H1""}, {""source"": ""D1"", ""target"": ""E1""}, {""source"": ""E1"", ""target"": ""F1""}, {""source"": ""F1"", ""target"": ""I1""}, {""source"": ""G1"", ""target"": ""H1""}, {""source"": ""H1"", ""target"": ""I1""}, {""source"": ""H1"", ""target"": ""K1""}, {""source"": ""I1"", ""target"": ""L1""}, {""source"": ""I1"", ""target"": ""N1""}, {""source"": ""J1"", ""target"": ""K1""}, {""source"": ""K1"", ""target"": ""L1""}, {""source"": ""L1"", ""target"": ""O1""}, {""source"": ""L1"", ""target"": ""Q1""}, {""source"": ""M1"", ""target"": ""N1""}, {""source"": ""N1"", ""target"": ""O1""}, {""source"": ""O1"", ""target"": ""R1""}, {""source"": ""P1"", ""target"": ""Q1""}, {""source"": ""Q1"", ""target"": ""R1""}, {""source"": ""Q1"", ""target"": ""T1""}, {""source"": ""R1"", ""target"": ""U1""}, {""source"": ""R1"", ""target"": ""V1""}, {""source"": ""S1"", ""target"": ""T1""}, {""source"": ""T1"", ""target"": ""U1""}, {""source"": ""U1"", ""target"": ""W1""}, {""source"": ""V1"", ""target"": ""W1""}, {""source"": ""X1"", ""target"": ""Z1""}, {""source"": ""Y1"", ""target"": ""Z1""}, {""source"": ""Z1"", ""target"": ""B2""}, {""source"": ""A2"", ""target"": ""B2""}, {""source"": ""C2"", ""target"": ""D2""}, {""source"": ""D2"", ""target"": ""F2""}, {""source"": ""E2"", ""target"": ""F2""}, {""source"": ""F2"", ""target"": ""H2""}, {""source"": ""G2"", ""target"": ""H2""}], ""rules"": [{""output"": ""C1"", ""inputs"": [""A1"", ""B1""], ""constant"": 3, ""rule_type"": ""sum_mul_k"", ""expression"": ""C1 = (A1 + B1) * 3""}, {""output"": ""E1"", ""inputs"": [""A1"", ""D1""], ""constant"": 4, ""rule_type"": ""sum_mul_k"", ""expression"": ""E1 = (A1 + D1) * 4""}, {""output"": ""F1"", ""inputs"": [""C1"", ""E1""], ""constant"": null, ""rule_type"": ""sub_xy"", ""expression"": ""F1 = C1 - E1""}, {""output"": ""H1"", ""inputs"": [""C1"", ""G1""], ""constant"": null, ""rule_type"": ""sub_xy"", ""expression"": ""H1 = C1 - G1""}, {""output"": ""I1"", ""inputs"": [""F1"", ""H1""], ""constant"": null, ""rule_type"": ""add_xy"", ""expression"": ""I1 = F1 + H1""}, {""output"": ""K1"", ""inputs"": [""H1"", ""J1""], ""constant"": null, ""rule_type"": ""sub_xy"", ""expression"": ""K1 = H1 - J1""}, {""output"": ""L1"", ""inputs"": [""I1"", ""K1""], ""constant"": null, ""rule_type"": ""sub_xy"", ""expression"": ""L1 = I1 - K1""}, {""output"": ""N1"", ""inputs"": [""I1"", ""M1""], ""constant"": null, ""rule_type"": ""add_xy"", ""expression"": ""N1 = I1 + M1""}, {""output"": ""O1"", ""inputs"": [""L1"", ""N1""], ""constant"": null, ""rule_type"": ""add_xy"", ""expression"": ""O1 = L1 + N1""}, {""output"": ""Q1"", ""inputs"": [""L1"", ""P1""], ""constant"": 2, ""rule_type"": ""sum_mul_k"", ""expression"": ""Q1 = (L1 + P1) * 2""}, {""output"": ""R1"", ""inputs"": [""O1"", ""Q1""], ""constant"": null, ""rule_type"": ""add_xy"", ""expression"": ""R1 = O1 + Q1""}, {""output"": ""T1"", ""inputs"": [""Q1"", ""S1""], ""constant"": 2, ""rule_type"": ""sum_mul_k"", ""expression"": ""T1 = (Q1 + S1) * 2""}, {""output"": ""U1"", ""inputs"": [""R1"", ""T1""], ""constant"": null, ""rule_type"": ""sub_xy"", ""expression"": ""U1 = R1 - T1""}, {""output"": ""V1"", ""inputs"": [""R1""], ""constant"": 11, ""rule_type"": ""sub_k"", ""expression"": ""V1 = R1 - 11""}, {""output"": ""W1"", ""inputs"": [""V1"", ""U1""], ""constant"": null, ""rule_type"": ""sub_xy"", ""expression"": ""W1 = V1 - U1""}, {""output"": ""Z1"", ""inputs"": [""X1"", ""Y1""], ""constant"": null, ""rule_type"": ""sub_xy"", ""expression"": ""Z1 = X1 - Y1""}, {""output"": ""B2"", ""inputs"": [""Z1"", ""A2""], ""constant"": null, ""rule_type"": ""add_xy"", ""expression"": ""B2 = Z1 + A2""}, {""output"": ""D2"", ""inputs"": [""C2""], ""constant"": 9, ""rule_type"": ""add_k"", ""expression"": ""D2 = C2 + 9""}, {""output"": ""F2"", ""inputs"": [""E2"", ""D2""], ""constant"": null, ""rule_type"": ""sub_xy"", ""expression"": ""F2 = E2 - D2""}, {""output"": ""H2"", ""inputs"": [""F2"", ""G2""], ""constant"": 3, ""rule_type"": ""sum_mul_k"", ""expression"": ""H2 = (F2 + G2) * 3""}]}","[{""output"": ""C1"", ""inputs"": [""A1"", ""B1""], ""constant"": 3, ""rule_type"": ""sum_mul_k"", ""expression"": ""C1 = (A1 + B1) * 3""}, {""output"": ""E1"", ""inputs"": [""A1"", ""D1""], ""constant"": 4, ""rule_type"": ""sum_mul_k"", ""expression"": ""E1 = (A1 + D1) * 4""}, {""output"": ""F1"", ""inputs"": [""C1"", ""E1""], ""constant"": null, ""rule_type"": ""sub_xy"", ""expression"": ""F1 = C1 - E1""}, {""output"": ""H1"", ""inputs"": [""C1"", ""G1""], ""constant"": null, ""rule_type"": ""sub_xy"", ""expression"": ""H1 = C1 - G1""}, {""output"": ""I1"", ""inputs"": [""F1"", ""H1""], ""constant"": null, ""rule_type"": ""add_xy"", ""expression"": ""I1 = F1 + H1""}, {""output"": ""K1"", ""inputs"": [""H1"", ""J1""], ""constant"": null, ""rule_type"": ""sub_xy"", ""expression"": ""K1 = H1 - J1""}, {""output"": ""L1"", ""inputs"": [""I1"", ""K1""], ""constant"": null, ""rule_type"": ""sub_xy"", ""expression"": ""L1 = I1 - K1""}, {""output"": ""N1"", ""inputs"": [""I1"", ""M1""], ""constant"": null, ""rule_type"": ""add_xy"", ""expression"": ""N1 = I1 + M1""}, {""output"": ""O1"", ""inputs"": [""L1"", ""N1""], ""constant"": null, ""rule_type"": ""add_xy"", ""expression"": ""O1 = L1 + N1""}, {""output"": ""Q1"", ""inputs"": [""L1"", ""P1""], ""constant"": 2, ""rule_type"": ""sum_mul_k"", ""expression"": ""Q1 = (L1 + P1) * 2""}, {""output"": ""R1"", ""inputs"": [""O1"", ""Q1""], ""constant"": null, ""rule_type"": ""add_xy"", ""expression"": ""R1 = O1 + Q1""}, {""output"": ""T1"", ""inputs"": [""Q1"", ""S1""], ""constant"": 2, ""rule_type"": ""sum_mul_k"", ""expression"": ""T1 = (Q1 + S1) * 2""}, {""output"": ""U1"", ""inputs"": [""R1"", ""T1""], ""constant"": null, ""rule_type"": ""sub_xy"", ""expression"": ""U1 = R1 - T1""}, {""output"": ""V1"", ""inputs"": [""R1""], ""constant"": 11, ""rule_type"": ""sub_k"", ""expression"": ""V1 = R1 - 11""}, {""output"": ""W1"", ""inputs"": [""V1"", ""U1""], ""constant"": null, ""rule_type"": ""sub_xy"", ""expression"": ""W1 = V1 - U1""}, {""output"": ""Z1"", ""inputs"": [""X1"", ""Y1""], ""constant"": null, ""rule_type"": ""sub_xy"", ""expression"": ""Z1 = X1 - Y1""}, {""output"": ""B2"", ""inputs"": [""Z1"", ""A2""], ""constant"": null, ""rule_type"": ""add_xy"", ""expression"": ""B2 = Z1 + A2""}, {""output"": ""D2"", ""inputs"": [""C2""], ""constant"": 9, ""rule_type"": ""add_k"", ""expression"": ""D2 = C2 + 9""}, {""output"": ""F2"", ""inputs"": [""E2"", ""D2""], ""constant"": null, ""rule_type"": ""sub_xy"", ""expression"": ""F2 = E2 - D2""}, {""output"": ""H2"", ""inputs"": [""F2"", ""G2""], ""constant"": 3, ""rule_type"": ""sum_mul_k"", ""expression"": ""H2 = (F2 + G2) * 3""}]","{""A1"": 36, ""B1"": 29, ""C1"": 195, ""D1"": 8, ""E1"": 176, ""F1"": 19, ""G1"": 13, ""H1"": 182, ""I1"": 201, ""J1"": 6, ""K1"": 176, ""L1"": 25, ""M1"": 4, ""N1"": 205, ""O1"": 230, ""P1"": 8, ""Q1"": 66, ""R1"": 296, ""S1"": 10, ""T1"": 152, ""U1"": 144, ""V1"": 285, ""W1"": 141, ""X1"": 20, ""Y1"": 8, ""Z1"": 12, ""A2"": 4, ""B2"": 16, ""C2"": 9, ""D2"": 18, ""E2"": 26, ""F2"": 8, ""G2"": 14, ""H2"": 66}",True,True,True,,32,22,8,7,8,2
63117ee0804e_k4_0,63117ee0804e,"A1 = 30
A3 = 22
B1 = 28
B2 = 12
B3 = 20
C3 = 19
D1 = 32
D2 = 24
D3 = 36
E3 = 15
F2 = 38
F3 = 11
G1 = 28
G3 = 23
H2 = 14
H3 = 17
I2 = 27
I3 = 35
J1 = 35
J3 = 5
K2 = 7
M1 = 27
M2 = 22
O2 = 31
P1 = 8
Q2 = 11
S1 = 15
T2 = 40
V1 = 39
V2 = 19
W2 = 13
X1 = 31
X2 = 13
Y2 = 14
Z1 = 7
Z2 = 17
C1 = A1 - B1
E1 = D1 - B1
F1 = E1 - C1
H1 = (C1 + G1) * 3
I1 = (F1 + H1) * 2
K1 = H1 - J1
L1 = I1 - K1
N1 = I1 + M1
O1 = N1 - L1
Q1 = L1 + P1
R1 = Q1 - O1
T1 = S1 - 12
U1 = T1 + 12
W1 = V1 * 3
Y1 = W1 - X1
A2 = Z1 + 2
C2 = (A2 + B2) * 4
E2 = C2 + D2
G2 = E2 + F2
J2 = H2 + I2
L2 = (J2 + K2) * 3
N2 = L2 + M2
P2 = O2 - 12
R2 = P2 - Q2
S2 = R2 / 4
U2 = (S2 + T2) * 2
What is R1?","Variables:
A1 = 30 [known_leaf]
A2 [derived_distractor]
A3 = 22 [known_leaf_distractor]
B1 = 28 [known_leaf]
B2 = 12 [known_leaf_distractor]
B3 = 20 [known_leaf_distractor]
C1 [derived]
C2 [derived_distractor]
C3 = 19 [known_leaf_distractor]
D1 = 32 [known_leaf]
D2 = 24 [known_leaf_distractor]
D3 = 36 [known_leaf_distractor]
E1 [derived]
E2 [derived_distractor]
E3 = 15 [known_leaf_distractor]
F1 [derived]
F2 = 38 [known_leaf_distractor]
F3 = 11 [known_leaf_distractor]
G1 = 28 [known_leaf]
G2 [derived_distractor]
G3 = 23 [known_leaf_distractor]
H1 [derived]
H2 = 14 [known_leaf_distractor]
H3 = 17 [known_leaf_distractor]
I1 [derived]
I2 = 27 [known_leaf_distractor]
I3 = 35 [known_leaf_distractor]
J1 = 35 [known_leaf]
J2 [derived_distractor]
J3 = 5 [known_leaf_distractor]
K1 [derived]
K2 = 7 [known_leaf_distractor]
L1 [derived]
L2 [derived_distractor]
M1 = 27 [known_leaf]
M2 = 22 [known_leaf_distractor]
N1 [derived]
N2 [derived_distractor]
O1 [derived]
O2 = 31 [known_leaf_distractor]
P1 = 8 [known_leaf]
P2 [derived_distractor]
Q1 [derived]
Q2 = 11 [known_leaf_distractor]
R1 [goal]
R2 [derived_distractor]
S1 = 15 [known_leaf_distractor]
S2 [derived_distractor]
T1 [derived_distractor]
T2 = 40 [known_leaf_distractor]
U1 [derived_distractor]
U2 [derived_distractor]
V1 = 39 [known_leaf_distractor]
V2 = 19 [known_leaf_distractor]
W1 [derived_distractor]
W2 = 13 [known_leaf_distractor]
X1 = 31 [known_leaf_distractor]
X2 = 13 [known_leaf_distractor]
Y1 [derived_distractor]
Y2 = 14 [known_leaf_distractor]
Z1 = 7 [known_leaf_distractor]
Z2 = 17 [known_leaf_distractor]

Equations:
C1 = A1 - B1 [sub_xy]
E1 = D1 - B1 [sub_xy]
F1 = E1 - C1 [sub_xy]
H1 = (C1 + G1) * 3 [sum_mul_k]
I1 = (F1 + H1) * 2 [sum_mul_k]
K1 = H1 - J1 [sub_xy]
L1 = I1 - K1 [sub_xy]
N1 = I1 + M1 [add_xy]
O1 = N1 - L1 [sub_xy]
Q1 = L1 + P1 [add_xy]
R1 = Q1 - O1 [sub_xy]
T1 = S1 - 12 [sub_k]
U1 = T1 + 12 [add_k]
W1 = V1 * 3 [mul_k]
Y1 = W1 - X1 [sub_xy]
A2 = Z1 + 2 [add_k]
C2 = (A2 + B2) * 4 [sum_mul_k]
E2 = C2 + D2 [add_xy]
G2 = E2 + F2 [add_xy]
J2 = H2 + I2 [add_xy]
L2 = (J2 + K2) * 3 [sum_mul_k]
N2 = L2 + M2 [add_xy]
P2 = O2 - 12 [sub_k]
R2 = P2 - Q2 [sub_xy]
S2 = R2 / 4 [div_k]
U2 = (S2 + T2) * 2 [sum_mul_k]

Goal:
R1 [goal]",55,"{""A1"": ""known_leaf"", ""B1"": ""known_leaf"", ""C1"": ""derived"", ""D1"": ""known_leaf"", ""E1"": ""derived"", ""F1"": ""derived"", ""G1"": ""known_leaf"", ""H1"": ""derived"", ""I1"": ""derived"", ""J1"": ""known_leaf"", ""K1"": ""derived"", ""L1"": ""derived"", ""M1"": ""known_leaf"", ""N1"": ""derived"", ""O1"": ""derived"", ""P1"": ""known_leaf"", ""Q1"": ""derived"", ""R1"": ""goal"", ""S1"": ""known_leaf_distractor"", ""T1"": ""derived_distractor"", ""U1"": ""derived_distractor"", ""V1"": ""known_leaf_distractor"", ""W1"": ""derived_distractor"", ""X1"": ""known_leaf_distractor"", ""Y1"": ""derived_distractor"", ""Z1"": ""known_leaf_distractor"", ""A2"": ""derived_distractor"", ""B2"": ""known_leaf_distractor"", ""C2"": ""derived_distractor"", ""D2"": ""known_leaf_distractor"", ""E2"": ""derived_distractor"", ""F2"": ""known_leaf_distractor"", ""G2"": ""derived_distractor"", ""H2"": ""known_leaf_distractor"", ""I2"": ""known_leaf_distractor"", ""J2"": ""derived_distractor"", ""K2"": ""known_leaf_distractor"", ""L2"": ""derived_distractor"", ""M2"": ""known_leaf_distractor"", ""N2"": ""derived_distractor"", ""O2"": ""known_leaf_distractor"", ""P2"": ""derived_distractor"", ""Q2"": ""known_leaf_distractor"", ""R2"": ""derived_distractor"", ""S2"": ""derived_distractor"", ""T2"": ""known_leaf_distractor"", ""U2"": ""derived_distractor"", ""V2"": ""known_leaf_distractor"", ""W2"": ""known_leaf_distractor"", ""X2"": ""known_leaf_distractor"", ""Y2"": ""known_leaf_distractor"", ""Z2"": ""known_leaf_distractor"", ""A3"": ""known_leaf_distractor"", ""B3"": ""known_leaf_distractor"", ""C3"": ""known_leaf_distractor"", ""D3"": ""known_leaf_distractor"", ""E3"": ""known_leaf_distractor"", ""F3"": ""known_leaf_distractor"", ""G3"": ""known_leaf_distractor"", ""H3"": ""known_leaf_distractor"", ""I3"": ""known_leaf_distractor"", ""J3"": ""known_leaf_distractor""}","{""C1 = A1 - B1"": ""sub_xy"", ""E1 = D1 - B1"": ""sub_xy"", ""F1 = E1 - C1"": ""sub_xy"", ""H1 = (C1 + G1) * 3"": ""sum_mul_k"", ""I1 = (F1 + H1) * 2"": ""sum_mul_k"", ""K1 = H1 - J1"": ""sub_xy"", ""L1 = I1 - K1"": ""sub_xy"", ""N1 = I1 + M1"": ""add_xy"", ""O1 = N1 - L1"": ""sub_xy"", ""Q1 = L1 + P1"": ""add_xy"", ""R1 = Q1 - O1"": ""sub_xy"", ""T1 = S1 - 12"": ""sub_k"", ""U1 = T1 + 12"": ""add_k"", ""W1 = V1 * 3"": ""mul_k"", ""Y1 = W1 - X1"": ""sub_xy"", ""A2 = Z1 + 2"": ""add_k"", ""C2 = (A2 + B2) * 4"": ""sum_mul_k"", ""E2 = C2 + D2"": ""add_xy"", ""G2 = E2 + F2"": ""add_xy"", ""J2 = H2 + I2"": ""add_xy"", ""L2 = (J2 + K2) * 3"": ""sum_mul_k"", ""N2 = L2 + M2"": ""add_xy"", ""P2 = O2 - 12"": ""sub_k"", ""R2 = P2 - Q2"": ""sub_xy"", ""S2 = R2 / 4"": ""div_k"", ""U2 = (S2 + T2) * 2"": ""sum_mul_k""}",6,"A1 = 30
A2 = 9
A3 = 22
B1 = 28
B2 = 12
B3 = 20
C1 = 2
C2 = 84
C3 = 19
D1 = 32
D2 = 24
D3 = 36
E1 = 4
E2 = 108
E3 = 15
F1 = 2
F2 = 38
F3 = 11
G1 = 28
G2 = 146
G3 = 23
H1 = 90
H2 = 14
H3 = 17
I1 = 184
I2 = 27
I3 = 35
J1 = 35
J2 = 41
J3 = 5
K1 = 55
K2 = 7
L1 = 129
L2 = 144
M1 = 27
M2 = 22
N1 = 211
N2 = 166
O1 = 82
O2 = 31
P1 = 8
P2 = 19
Q1 = 137
Q2 = 11
R1 = 55
R2 = 8
S1 = 15
S2 = 2
T1 = 3
T2 = 40
U1 = 15
U2 = 84
V1 = 39
V2 = 19
W1 = 117
W2 = 13
X1 = 31
X2 = 13
Y1 = 86
Y2 = 14
Z1 = 7
Z2 = 17","[""D1"", ""J1"", ""M1"", ""P1""]","Variables:
A1 = 30
A2
A3 = 22
B1 = 28
B2 = 12
B3 = 20
C1
C2
C3 = 19
D1
D2 = 24
D3 = 36
E1
E2
E3 = 15
F1
F2 = 38
F3 = 11
G1 = 28
G2
G3 = 23
H1
H2 = 14
H3 = 17
I1
I2 = 27
I3 = 35
J1
J2
J3 = 5
K1
K2 = 7
L1
L2
M1
M2 = 22
N1
N2
O1
O2 = 31
P1
P2
Q1
Q2 = 11
R1
R2
S1 = 15
S2
T1
T2 = 40
U1
U2
V1 = 39
V2 = 19
W1
W2 = 13
X1 = 31
X2 = 13
Y1
Y2 = 14
Z1 = 7
Z2 = 17

Equations:
C1 = A1 - B1
E1 = D1 - B1
F1 = E1 - C1
H1 = (C1 + G1) * 3
I1 = (F1 + H1) * 2
K1 = H1 - J1
L1 = I1 - K1
N1 = I1 + M1
O1 = N1 - L1
Q1 = L1 + P1
R1 = Q1 - O1
T1 = S1 - 12
U1 = T1 + 12
W1 = V1 * 3
Y1 = W1 - X1
A2 = Z1 + 2
C2 = (A2 + B2) * 4
E2 = C2 + D2
G2 = E2 + F2
J2 = H2 + I2
L2 = (J2 + K2) * 3
N2 = L2 + M2
P2 = O2 - 12
R2 = P2 - Q2
S2 = R2 / 4
U2 = (S2 + T2) * 2

Goal:
R1","[""A1"", ""B1"", ""D1"", ""G1"", ""J1"", ""M1"", ""P1"", ""S1"", ""V1"", ""X1"", ""Z1"", ""B2"", ""D2"", ""F2"", ""H2"", ""I2"", ""K2"", ""M2"", ""O2"", ""Q2"", ""T2"", ""V2"", ""W2"", ""X2"", ""Y2"", ""Z2"", ""A3"", ""B3"", ""C3"", ""D3"", ""E3"", ""F3"", ""G3"", ""H3"", ""I3"", ""J3""]","[""A1"", ""B1"", ""G1"", ""S1"", ""V1"", ""X1"", ""Z1"", ""B2"", ""D2"", ""F2"", ""H2"", ""I2"", ""K2"", ""M2"", ""O2"", ""Q2"", ""T2"", ""V2"", ""W2"", ""X2"", ""Y2"", ""Z2"", ""A3"", ""B3"", ""C3"", ""D3"", ""E3"", ""F3"", ""G3"", ""H3"", ""I3"", ""J3""]",4,6.0,R1,"[""A1"", ""B1"", ""D1"", ""G1"", ""J1"", ""M1"", ""P1"", ""S1"", ""V1"", ""X1"", ""Z1"", ""B2"", ""D2"", ""F2"", ""H2"", ""I2"", ""K2"", ""M2"", ""O2"", ""Q2"", ""T2"", ""V2"", ""W2"", ""X2"", ""Y2"", ""Z2"", ""A3"", ""B3"", ""C3"", ""D3"", ""E3"", ""F3"", ""G3"", ""H3"", ""I3"", ""J3""]","[""A1"", ""B1"", ""D1"", ""G1"", ""J1"", ""M1"", ""P1""]","[""A1"", ""B1"", ""C1"", ""D1"", ""E1"", ""F1"", ""G1"", ""H1"", ""I1"", ""J1"", ""K1"", ""L1"", ""M1"", ""N1"", ""O1"", ""P1"", ""Q1""]","[""S1"", ""T1"", ""U1"", ""V1"", ""W1"", ""X1"", ""Y1"", ""Z1"", ""A2"", ""B2"", ""C2"", ""D2"", ""E2"", ""F2"", ""G2"", ""H2"", ""I2"", ""J2"", ""K2"", ""L2"", ""M2"", ""N2"", ""O2"", ""P2"", ""Q2"", ""R2"", ""S2"", ""T2"", ""U2"", ""V2"", ""W2"", ""X2"", ""Y2"", ""Z2"", ""A3"", ""B3"", ""C3"", ""D3"", ""E3"", ""F3"", ""G3"", ""H3"", ""I3"", ""J3""]",6,3.75,62,26,55,"[""A1"", ""B1"", ""C1"", ""D1"", ""E1"", ""F1"", ""G1"", ""H1"", ""I1"", ""J1"", ""K1"", ""L1"", ""M1"", ""N1"", ""O1"", ""P1"", ""Q1"", ""R1"", ""S1"", ""T1"", ""U1"", ""V1"", ""W1"", ""X1"", ""Y1"", ""Z1"", ""A2"", ""B2"", ""C2"", ""D2"", ""E2"", ""F2"", ""G2"", ""H2"", ""I2"", ""J2"", ""K2"", ""L2"", ""M2"", ""N2"", ""O2"", ""P2"", ""Q2"", ""R2"", ""S2"", ""T2"", ""U2"", ""V2"", ""W2"", ""X2"", ""Y2"", ""Z2"", ""A3"", ""B3"", ""C3"", ""D3"", ""E3"", ""F3"", ""G3"", ""H3"", ""I3"", ""J3""]","{""nodes"": [{""id"": ""A1"", ""depth"": 0, ""value"": 30, ""is_leaf"": true, ""is_goal"": false}, {""id"": ""B1"", ""depth"": 0, ""value"": 28, ""is_leaf"": true, ""is_goal"": false}, {""id"": ""C1"", ""depth"": 1, ""value"": 2, ""is_leaf"": false, ""is_goal"": false}, {""id"": ""D1"", ""depth"": 0, ""value"": 32, ""is_leaf"": true, ""is_goal"": false}, {""id"": ""E1"", ""depth"": 1, ""value"": 4, ""is_leaf"": false, ""is_goal"": false}, {""id"": ""F1"", ""depth"": 2, ""value"": 2, ""is_leaf"": false, ""is_goal"": false}, {""id"": ""G1"", ""depth"": 0, ""value"": 28, ""is_leaf"": true, ""is_goal"": false}, {""id"": ""H1"", ""depth"": 2, ""value"": 90, ""is_leaf"": false, ""is_goal"": false}, {""id"": ""I1"", ""depth"": 3, ""value"": 184, ""is_leaf"": false, ""is_goal"": false}, {""id"": ""J1"", ""depth"": 0, ""value"": 35, ""is_leaf"": true, ""is_goal"": false}, {""id"": ""K1"", ""depth"": 3, ""value"": 55, ""is_leaf"": false, ""is_goal"": false}, {""id"": ""L1"", ""depth"": 4, ""value"": 129, ""is_leaf"": false, ""is_goal"": false}, {""id"": ""M1"", ""depth"": 0, ""value"": 27, ""is_leaf"": true, ""is_goal"": false}, {""id"": ""N1"", ""depth"": 4, ""value"": 211, ""is_leaf"": false, ""is_goal"": false}, {""id"": ""O1"", ""depth"": 5, ""value"": 82, ""is_leaf"": false, ""is_goal"": false}, {""id"": ""P1"", ""depth"": 0, ""value"": 8, ""is_leaf"": true, ""is_goal"": false}, {""id"": ""Q1"", ""depth"": 5, ""value"": 137, ""is_leaf"": false, ""is_goal"": false}, {""id"": ""R1"", ""depth"": 6, ""value"": 55, ""is_leaf"": false, ""is_goal"": true}, {""id"": ""S1"", ""depth"": 0, ""value"": 15, ""is_leaf"": true, ""is_goal"": false}, {""id"": ""T1"", ""depth"": 1, ""value"": 3, ""is_leaf"": false, ""is_goal"": false}, {""id"": ""U1"", ""depth"": 2, ""value"": 15, ""is_leaf"": false, ""is_goal"": false}, {""id"": ""V1"", ""depth"": 0, ""value"": 39, ""is_leaf"": true, ""is_goal"": false}, {""id"": ""W1"", ""depth"": 1, ""value"": 117, ""is_leaf"": false, ""is_goal"": false}, {""id"": ""X1"", ""depth"": 0, ""value"": 31, ""is_leaf"": true, ""is_goal"": false}, {""id"": ""Y1"", ""depth"": 2, ""value"": 86, ""is_leaf"": false, ""is_goal"": false}, {""id"": ""Z1"", ""depth"": 0, ""value"": 7, ""is_leaf"": true, ""is_goal"": false}, {""id"": ""A2"", ""depth"": 1, ""value"": 9, ""is_leaf"": false, ""is_goal"": false}, {""id"": ""B2"", ""depth"": 0, ""value"": 12, ""is_leaf"": true, ""is_goal"": false}, {""id"": ""C2"", ""depth"": 2, ""value"": 84, ""is_leaf"": false, ""is_goal"": false}, {""id"": ""D2"", ""depth"": 0, ""value"": 24, ""is_leaf"": true, ""is_goal"": false}, {""id"": ""E2"", ""depth"": 3, ""value"": 108, ""is_leaf"": false, ""is_goal"": false}, {""id"": ""F2"", ""depth"": 0, ""value"": 38, ""is_leaf"": true, ""is_goal"": false}, {""id"": ""G2"", ""depth"": 4, ""value"": 146, ""is_leaf"": false, ""is_goal"": false}, {""id"": ""H2"", ""depth"": 0, ""value"": 14, ""is_leaf"": true, ""is_goal"": false}, {""id"": ""I2"", ""depth"": 0, ""value"": 27, ""is_leaf"": true, ""is_goal"": false}, {""id"": ""J2"", ""depth"": 1, ""value"": 41, ""is_leaf"": false, ""is_goal"": false}, {""id"": ""K2"", ""depth"": 0, ""value"": 7, ""is_leaf"": true, ""is_goal"": false}, {""id"": ""L2"", ""depth"": 2, ""value"": 144, ""is_leaf"": false, ""is_goal"": false}, {""id"": ""M2"", ""depth"": 0, ""value"": 22, ""is_leaf"": true, ""is_goal"": false}, {""id"": ""N2"", ""depth"": 3, ""value"": 166, ""is_leaf"": false, ""is_goal"": false}, {""id"": ""O2"", ""depth"": 0, ""value"": 31, ""is_leaf"": true, ""is_goal"": false}, {""id"": ""P2"", ""depth"": 1, ""value"": 19, ""is_leaf"": false, ""is_goal"": false}, {""id"": ""Q2"", ""depth"": 0, ""value"": 11, ""is_leaf"": true, ""is_goal"": false}, {""id"": ""R2"", ""depth"": 2, ""value"": 8, ""is_leaf"": false, ""is_goal"": false}, {""id"": ""S2"", ""depth"": 3, ""value"": 2, ""is_leaf"": false, ""is_goal"": false}, {""id"": ""T2"", ""depth"": 0, ""value"": 40, ""is_leaf"": true, ""is_goal"": false}, {""id"": ""U2"", ""depth"": 4, ""value"": 84, ""is_leaf"": false, ""is_goal"": false}, {""id"": ""V2"", ""depth"": 0, ""value"": 19, ""is_leaf"": true, ""is_goal"": false}, {""id"": ""W2"", ""depth"": 0, ""value"": 13, ""is_leaf"": true, ""is_goal"": false}, {""id"": ""X2"", ""depth"": 0, ""value"": 13, ""is_leaf"": true, ""is_goal"": false}, {""id"": ""Y2"", ""depth"": 0, ""value"": 14, ""is_leaf"": true, ""is_goal"": false}, {""id"": ""Z2"", ""depth"": 0, ""value"": 17, ""is_leaf"": true, ""is_goal"": false}, {""id"": ""A3"", ""depth"": 0, ""value"": 22, ""is_leaf"": true, ""is_goal"": false}, {""id"": ""B3"", ""depth"": 0, ""value"": 20, ""is_leaf"": true, ""is_goal"": false}, {""id"": ""C3"", ""depth"": 0, ""value"": 19, ""is_leaf"": true, ""is_goal"": false}, {""id"": ""D3"", ""depth"": 0, ""value"": 36, ""is_leaf"": true, ""is_goal"": false}, {""id"": ""E3"", ""depth"": 0, ""value"": 15, ""is_leaf"": true, ""is_goal"": false}, {""id"": ""F3"", ""depth"": 0, ""value"": 11, ""is_leaf"": true, ""is_goal"": false}, {""id"": ""G3"", ""depth"": 0, ""value"": 23, ""is_leaf"": true, ""is_goal"": false}, {""id"": ""H3"", ""depth"": 0, ""value"": 17, ""is_leaf"": true, ""is_goal"": false}, {""id"": ""I3"", ""depth"": 0, ""value"": 35, ""is_leaf"": true, ""is_goal"": false}, {""id"": ""J3"", ""depth"": 0, ""value"": 5, ""is_leaf"": true, ""is_goal"": false}], ""edges"": [{""source"": ""A1"", ""target"": ""C1""}, {""source"": ""B1"", ""target"": ""C1""}, {""source"": ""B1"", ""target"": ""E1""}, {""source"": ""C1"", ""target"": ""F1""}, {""source"": ""C1"", ""target"": ""H1""}, {""source"": ""D1"", ""target"": ""E1""}, {""source"": ""E1"", ""target"": ""F1""}, {""source"": ""F1"", ""target"": ""I1""}, {""source"": ""G1"", ""target"": ""H1""}, {""source"": ""H1"", ""target"": ""I1""}, {""source"": ""H1"", ""target"": ""K1""}, {""source"": ""I1"", ""target"": ""L1""}, {""source"": ""I1"", ""target"": ""N1""}, {""source"": ""J1"", ""target"": ""K1""}, {""source"": ""K1"", ""target"": ""L1""}, {""source"": ""L1"", ""target"": ""O1""}, {""source"": ""L1"", ""target"": ""Q1""}, {""source"": ""M1"", ""target"": ""N1""}, {""source"": ""N1"", ""target"": ""O1""}, {""source"": ""O1"", ""target"": ""R1""}, {""source"": ""P1"", ""target"": ""Q1""}, {""source"": ""Q1"", ""target"": ""R1""}, {""source"": ""S1"", ""target"": ""T1""}, {""source"": ""T1"", ""target"": ""U1""}, {""source"": ""V1"", ""target"": ""W1""}, {""source"": ""W1"", ""target"": ""Y1""}, {""source"": ""X1"", ""target"": ""Y1""}, {""source"": ""Z1"", ""target"": ""A2""}, {""source"": ""A2"", ""target"": ""C2""}, {""source"": ""B2"", ""target"": ""C2""}, {""source"": ""C2"", ""target"": ""E2""}, {""source"": ""D2"", ""target"": ""E2""}, {""source"": ""E2"", ""target"": ""G2""}, {""source"": ""F2"", ""target"": ""G2""}, {""source"": ""H2"", ""target"": ""J2""}, {""source"": ""I2"", ""target"": ""J2""}, {""source"": ""J2"", ""target"": ""L2""}, {""source"": ""K2"", ""target"": ""L2""}, {""source"": ""L2"", ""target"": ""N2""}, {""source"": ""M2"", ""target"": ""N2""}, {""source"": ""O2"", ""target"": ""P2""}, {""source"": ""P2"", ""target"": ""R2""}, {""source"": ""Q2"", ""target"": ""R2""}, {""source"": ""R2"", ""target"": ""S2""}, {""source"": ""S2"", ""target"": ""U2""}, {""source"": ""T2"", ""target"": ""U2""}], ""rules"": [{""output"": ""C1"", ""inputs"": [""A1"", ""B1""], ""constant"": null, ""rule_type"": ""sub_xy"", ""expression"": ""C1 = A1 - B1""}, {""output"": ""E1"", ""inputs"": [""D1"", ""B1""], ""constant"": null, ""rule_type"": ""sub_xy"", ""expression"": ""E1 = D1 - B1""}, {""output"": ""F1"", ""inputs"": [""E1"", ""C1""], ""constant"": null, ""rule_type"": ""sub_xy"", ""expression"": ""F1 = E1 - C1""}, {""output"": ""H1"", ""inputs"": [""C1"", ""G1""], ""constant"": 3, ""rule_type"": ""sum_mul_k"", ""expression"": ""H1 = (C1 + G1) * 3""}, {""output"": ""I1"", ""inputs"": [""F1"", ""H1""], ""constant"": 2, ""rule_type"": ""sum_mul_k"", ""expression"": ""I1 = (F1 + H1) * 2""}, {""output"": ""K1"", ""inputs"": [""H1"", ""J1""], ""constant"": null, ""rule_type"": ""sub_xy"", ""expression"": ""K1 = H1 - J1""}, {""output"": ""L1"", ""inputs"": [""I1"", ""K1""], ""constant"": null, ""rule_type"": ""sub_xy"", ""expression"": ""L1 = I1 - K1""}, {""output"": ""N1"", ""inputs"": [""I1"", ""M1""], ""constant"": null, ""rule_type"": ""add_xy"", ""expression"": ""N1 = I1 + M1""}, {""output"": ""O1"", ""inputs"": [""N1"", ""L1""], ""constant"": null, ""rule_type"": ""sub_xy"", ""expression"": ""O1 = N1 - L1""}, {""output"": ""Q1"", ""inputs"": [""L1"", ""P1""], ""constant"": null, ""rule_type"": ""add_xy"", ""expression"": ""Q1 = L1 + P1""}, {""output"": ""R1"", ""inputs"": [""Q1"", ""O1""], ""constant"": null, ""rule_type"": ""sub_xy"", ""expression"": ""R1 = Q1 - O1""}, {""output"": ""T1"", ""inputs"": [""S1""], ""constant"": 12, ""rule_type"": ""sub_k"", ""expression"": ""T1 = S1 - 12""}, {""output"": ""U1"", ""inputs"": [""T1""], ""constant"": 12, ""rule_type"": ""add_k"", ""expression"": ""U1 = T1 + 12""}, {""output"": ""W1"", ""inputs"": [""V1""], ""constant"": 3, ""rule_type"": ""mul_k"", ""expression"": ""W1 = V1 * 3""}, {""output"": ""Y1"", ""inputs"": [""W1"", ""X1""], ""constant"": null, ""rule_type"": ""sub_xy"", ""expression"": ""Y1 = W1 - X1""}, {""output"": ""A2"", ""inputs"": [""Z1""], ""constant"": 2, ""rule_type"": ""add_k"", ""expression"": ""A2 = Z1 + 2""}, {""output"": ""C2"", ""inputs"": [""A2"", ""B2""], ""constant"": 4, ""rule_type"": ""sum_mul_k"", ""expression"": ""C2 = (A2 + B2) * 4""}, {""output"": ""E2"", ""inputs"": [""C2"", ""D2""], ""constant"": null, ""rule_type"": ""add_xy"", ""expression"": ""E2 = C2 + D2""}, {""output"": ""G2"", ""inputs"": [""E2"", ""F2""], ""constant"": null, ""rule_type"": ""add_xy"", ""expression"": ""G2 = E2 + F2""}, {""output"": ""J2"", ""inputs"": [""H2"", ""I2""], ""constant"": null, ""rule_type"": ""add_xy"", ""expression"": ""J2 = H2 + I2""}, {""output"": ""L2"", ""inputs"": [""J2"", ""K2""], ""constant"": 3, ""rule_type"": ""sum_mul_k"", ""expression"": ""L2 = (J2 + K2) * 3""}, {""output"": ""N2"", ""inputs"": [""L2"", ""M2""], ""constant"": null, ""rule_type"": ""add_xy"", ""expression"": ""N2 = L2 + M2""}, {""output"": ""P2"", ""inputs"": [""O2""], ""constant"": 12, ""rule_type"": ""sub_k"", ""expression"": ""P2 = O2 - 12""}, {""output"": ""R2"", ""inputs"": [""P2"", ""Q2""], ""constant"": null, ""rule_type"": ""sub_xy"", ""expression"": ""R2 = P2 - Q2""}, {""output"": ""S2"", ""inputs"": [""R2""], ""constant"": 4, ""rule_type"": ""div_k"", ""expression"": ""S2 = R2 / 4""}, {""output"": ""U2"", ""inputs"": [""S2"", ""T2""], ""constant"": 2, ""rule_type"": ""sum_mul_k"", ""expression"": ""U2 = (S2 + T2) * 2""}]}","[{""output"": ""C1"", ""inputs"": [""A1"", ""B1""], ""constant"": null, ""rule_type"": ""sub_xy"", ""expression"": ""C1 = A1 - B1""}, {""output"": ""E1"", ""inputs"": [""D1"", ""B1""], ""constant"": null, ""rule_type"": ""sub_xy"", ""expression"": ""E1 = D1 - B1""}, {""output"": ""F1"", ""inputs"": [""E1"", ""C1""], ""constant"": null, ""rule_type"": ""sub_xy"", ""expression"": ""F1 = E1 - C1""}, {""output"": ""H1"", ""inputs"": [""C1"", ""G1""], ""constant"": 3, ""rule_type"": ""sum_mul_k"", ""expression"": ""H1 = (C1 + G1) * 3""}, {""output"": ""I1"", ""inputs"": [""F1"", ""H1""], ""constant"": 2, ""rule_type"": ""sum_mul_k"", ""expression"": ""I1 = (F1 + H1) * 2""}, {""output"": ""K1"", ""inputs"": [""H1"", ""J1""], ""constant"": null, ""rule_type"": ""sub_xy"", ""expression"": ""K1 = H1 - J1""}, {""output"": ""L1"", ""inputs"": [""I1"", ""K1""], ""constant"": null, ""rule_type"": ""sub_xy"", ""expression"": ""L1 = I1 - K1""}, {""output"": ""N1"", ""inputs"": [""I1"", ""M1""], ""constant"": null, ""rule_type"": ""add_xy"", ""expression"": ""N1 = I1 + M1""}, {""output"": ""O1"", ""inputs"": [""N1"", ""L1""], ""constant"": null, ""rule_type"": ""sub_xy"", ""expression"": ""O1 = N1 - L1""}, {""output"": ""Q1"", ""inputs"": [""L1"", ""P1""], ""constant"": null, ""rule_type"": ""add_xy"", ""expression"": ""Q1 = L1 + P1""}, {""output"": ""R1"", ""inputs"": [""Q1"", ""O1""], ""constant"": null, ""rule_type"": ""sub_xy"", ""expression"": ""R1 = Q1 - O1""}, {""output"": ""T1"", ""inputs"": [""S1""], ""constant"": 12, ""rule_type"": ""sub_k"", ""expression"": ""T1 = S1 - 12""}, {""output"": ""U1"", ""inputs"": [""T1""], ""constant"": 12, ""rule_type"": ""add_k"", ""expression"": ""U1 = T1 + 12""}, {""output"": ""W1"", ""inputs"": [""V1""], ""constant"": 3, ""rule_type"": ""mul_k"", ""expression"": ""W1 = V1 * 3""}, {""output"": ""Y1"", ""inputs"": [""W1"", ""X1""], ""constant"": null, ""rule_type"": ""sub_xy"", ""expression"": ""Y1 = W1 - X1""}, {""output"": ""A2"", ""inputs"": [""Z1""], ""constant"": 2, ""rule_type"": ""add_k"", ""expression"": ""A2 = Z1 + 2""}, {""output"": ""C2"", ""inputs"": [""A2"", ""B2""], ""constant"": 4, ""rule_type"": ""sum_mul_k"", ""expression"": ""C2 = (A2 + B2) * 4""}, {""output"": ""E2"", ""inputs"": [""C2"", ""D2""], ""constant"": null, ""rule_type"": ""add_xy"", ""expression"": ""E2 = C2 + D2""}, {""output"": ""G2"", ""inputs"": [""E2"", ""F2""], ""constant"": null, ""rule_type"": ""add_xy"", ""expression"": ""G2 = E2 + F2""}, {""output"": ""J2"", ""inputs"": [""H2"", ""I2""], ""constant"": null, ""rule_type"": ""add_xy"", ""expression"": ""J2 = H2 + I2""}, {""output"": ""L2"", ""inputs"": [""J2"", ""K2""], ""constant"": 3, ""rule_type"": ""sum_mul_k"", ""expression"": ""L2 = (J2 + K2) * 3""}, {""output"": ""N2"", ""inputs"": [""L2"", ""M2""], ""constant"": null, ""rule_type"": ""add_xy"", ""expression"": ""N2 = L2 + M2""}, {""output"": ""P2"", ""inputs"": [""O2""], ""constant"": 12, ""rule_type"": ""sub_k"", ""expression"": ""P2 = O2 - 12""}, {""output"": ""R2"", ""inputs"": [""P2"", ""Q2""], ""constant"": null, ""rule_type"": ""sub_xy"", ""expression"": ""R2 = P2 - Q2""}, {""output"": ""S2"", ""inputs"": [""R2""], ""constant"": 4, ""rule_type"": ""div_k"", ""expression"": ""S2 = R2 / 4""}, {""output"": ""U2"", ""inputs"": [""S2"", ""T2""], ""constant"": 2, ""rule_type"": ""sum_mul_k"", ""expression"": ""U2 = (S2 + T2) * 2""}]","{""A1"": 30, ""B1"": 28, ""C1"": 2, ""D1"": 32, ""E1"": 4, ""F1"": 2, ""G1"": 28, ""H1"": 90, ""I1"": 184, ""J1"": 35, ""K1"": 55, ""L1"": 129, ""M1"": 27, ""N1"": 211, ""O1"": 82, ""P1"": 8, ""Q1"": 137, ""R1"": 55, ""S1"": 15, ""T1"": 3, ""U1"": 15, ""V1"": 39, ""W1"": 117, ""X1"": 31, ""Y1"": 86, ""Z1"": 7, ""A2"": 9, ""B2"": 12, ""C2"": 84, ""D2"": 24, ""E2"": 108, ""F2"": 38, ""G2"": 146, ""H2"": 14, ""I2"": 27, ""J2"": 41, ""K2"": 7, ""L2"": 144, ""M2"": 22, ""N2"": 166, ""O2"": 31, ""P2"": 19, ""Q2"": 11, ""R2"": 8, ""S2"": 2, ""T2"": 40, ""U2"": 84, ""V2"": 19, ""W2"": 13, ""X2"": 13, ""Y2"": 14, ""Z2"": 17, ""A3"": 22, ""B3"": 20, ""C3"": 19, ""D3"": 36, ""E3"": 15, ""F3"": 11, ""G3"": 23, ""H3"": 17, ""I3"": 35, ""J3"": 5}",True,True,True,,62,26,6,7,7,4
3de41e0e7e43_k3_0,3de41e0e7e43,"A1 = 15
A2 = 31
B1 = 32
C2 = 5
D1 = 24
D2 = 29
F2 = 28
G1 = 13
H2 = 32
J1 = 21
J2 = 21
L2 = 32
M1 = 4
N2 = 13
O2 = 40
P1 = 22
S1 = 16
X1 = 6
Y1 = 35
C1 = B1 - A1
E1 = B1 - D1
F1 = C1 - E1
H1 = G1 - E1
I1 = F1 - H1
K1 = (F1 + J1) * 4
L1 = (I1 + K1) * 2
N1 = I1 + M1
O1 = L1 + N1
Q1 = L1 + P1
R1 = Q1 - O1
T1 = O1 - S1
U1 = T1 - R1
V1 = R1 - 8
W1 = U1 - V1
Z1 = (X1 + Y1) * 3
B2 = Z1 - A2
E2 = C2 + D2
G2 = (E2 + F2) * 4
I2 = H2 + 12
K2 = (I2 + J2) * 2
M2 = K2 + L2
What is W1?","Variables:
A1 = 15 [known_leaf]
A2 = 31 [known_leaf_distractor]
B1 = 32 [known_leaf]
B2 [derived_distractor]
C1 [derived]
C2 = 5 [known_leaf_distractor]
D1 = 24 [known_leaf]
D2 = 29 [known_leaf_distractor]
E1 [derived]
E2 [derived_distractor]
F1 [derived]
F2 = 28 [known_leaf_distractor]
G1 = 13 [known_leaf]
G2 [derived_distractor]
H1 [derived]
H2 = 32 [known_leaf_distractor]
I1 [derived]
I2 [derived_distractor]
J1 = 21 [known_leaf]
J2 = 21 [known_leaf_distractor]
K1 [derived]
K2 [derived_distractor]
L1 [derived]
L2 = 32 [known_leaf_distractor]
M1 = 4 [known_leaf]
M2 [derived_distractor]
N1 [derived]
N2 = 13 [known_leaf_distractor]
O1 [derived]
O2 = 40 [known_leaf_distractor]
P1 = 22 [known_leaf]
Q1 [derived]
R1 [derived]
S1 = 16 [known_leaf]
T1 [derived]
U1 [derived]
V1 [derived]
W1 [goal]
X1 = 6 [known_leaf_distractor]
Y1 = 35 [known_leaf_distractor]
Z1 [derived_distractor]

Equations:
C1 = B1 - A1 [sub_xy]
E1 = B1 - D1 [sub_xy]
F1 = C1 - E1 [sub_xy]
H1 = G1 - E1 [sub_xy]
I1 = F1 - H1 [sub_xy]
K1 = (F1 + J1) * 4 [sum_mul_k]
L1 = (I1 + K1) * 2 [sum_mul_k]
N1 = I1 + M1 [add_xy]
O1 = L1 + N1 [add_xy]
Q1 = L1 + P1 [add_xy]
R1 = Q1 - O1 [sub_xy]
T1 = O1 - S1 [sub_xy]
U1 = T1 - R1 [sub_xy]
V1 = R1 - 8 [sub_k]
W1 = U1 - V1 [sub_xy]
Z1 = (X1 + Y1) * 3 [sum_mul_k]
B2 = Z1 - A2 [sub_xy]
E2 = C2 + D2 [add_xy]
G2 = (E2 + F2) * 4 [sum_mul_k]
I2 = H2 + 12 [add_k]
K2 = (I2 + J2) * 2 [sum_mul_k]
M2 = K2 + L2 [add_xy]

Goal:
W1 [goal]",220,"{""A1"": ""known_leaf"", ""B1"": ""known_leaf"", ""C1"": ""derived"", ""D1"": ""known_leaf"", ""E1"": ""derived"", ""F1"": ""derived"", ""G1"": ""known_leaf"", ""H1"": ""derived"", ""I1"": ""derived"", ""J1"": ""known_leaf"", ""K1"": ""derived"", ""L1"": ""derived"", ""M1"": ""known_leaf"", ""N1"": ""derived"", ""O1"": ""derived"", ""P1"": ""known_leaf"", ""Q1"": ""derived"", ""R1"": ""derived"", ""S1"": ""known_leaf"", ""T1"": ""derived"", ""U1"": ""derived"", ""V1"": ""derived"", ""W1"": ""goal"", ""X1"": ""known_leaf_distractor"", ""Y1"": ""known_leaf_distractor"", ""Z1"": ""derived_distractor"", ""A2"": ""known_leaf_distractor"", ""B2"": ""derived_distractor"", ""C2"": ""known_leaf_distractor"", ""D2"": ""known_leaf_distractor"", ""E2"": ""derived_distractor"", ""F2"": ""known_leaf_distractor"", ""G2"": ""derived_distractor"", ""H2"": ""known_leaf_distractor"", ""I2"": ""derived_distractor"", ""J2"": ""known_leaf_distractor"", ""K2"": ""derived_distractor"", ""L2"": ""known_leaf_distractor"", ""M2"": ""derived_distractor"", ""N2"": ""known_leaf_distractor"", ""O2"": ""known_leaf_distractor""}","{""C1 = B1 - A1"": ""sub_xy"", ""E1 = B1 - D1"": ""sub_xy"", ""F1 = C1 - E1"": ""sub_xy"", ""H1 = G1 - E1"": ""sub_xy"", ""I1 = F1 - H1"": ""sub_xy"", ""K1 = (F1 + J1) * 4"": ""sum_mul_k"", ""L1 = (I1 + K1) * 2"": ""sum_mul_k"", ""N1 = I1 + M1"": ""add_xy"", ""O1 = L1 + N1"": ""add_xy"", ""Q1 = L1 + P1"": ""add_xy"", ""R1 = Q1 - O1"": ""sub_xy"", ""T1 = O1 - S1"": ""sub_xy"", ""U1 = T1 - R1"": ""sub_xy"", ""V1 = R1 - 8"": ""sub_k"", ""W1 = U1 - V1"": ""sub_xy"", ""Z1 = (X1 + Y1) * 3"": ""sum_mul_k"", ""B2 = Z1 - A2"": ""sub_xy"", ""E2 = C2 + D2"": ""add_xy"", ""G2 = (E2 + F2) * 4"": ""sum_mul_k"", ""I2 = H2 + 12"": ""add_k"", ""K2 = (I2 + J2) * 2"": ""sum_mul_k"", ""M2 = K2 + L2"": ""add_xy""}",8,"A1 = 15
A2 = 31
B1 = 32
B2 = 92
C1 = 17
C2 = 5
D1 = 24
D2 = 29
E1 = 8
E2 = 34
F1 = 9
F2 = 28
G1 = 13
G2 = 248
H1 = 5
H2 = 32
I1 = 4
I2 = 44
J1 = 21
J2 = 21
K1 = 120
K2 = 130
L1 = 248
L2 = 32
M1 = 4
M2 = 162
N1 = 8
N2 = 13
O1 = 256
O2 = 40
P1 = 22
Q1 = 270
R1 = 14
S1 = 16
T1 = 240
U1 = 226
V1 = 6
W1 = 220
X1 = 6
Y1 = 35
Z1 = 123","[""D1"", ""P1"", ""S1""]","Variables:
A1 = 15
A2 = 31
B1 = 32
B2
C1
C2 = 5
D1
D2 = 29
E1
E2
F1
F2 = 28
G1 = 13
G2
H1
H2 = 32
I1
I2
J1 = 21
J2 = 21
K1
K2
L1
L2 = 32
M1 = 4
M2
N1
N2 = 13
O1
O2 = 40
P1
Q1
R1
S1
T1
U1
V1
W1
X1 = 6
Y1 = 35
Z1

Equations:
C1 = B1 - A1
E1 = B1 - D1
F1 = C1 - E1
H1 = G1 - E1
I1 = F1 - H1
K1 = (F1 + J1) * 4
L1 = (I1 + K1) * 2
N1 = I1 + M1
O1 = L1 + N1
Q1 = L1 + P1
R1 = Q1 - O1
T1 = O1 - S1
U1 = T1 - R1
V1 = R1 - 8
W1 = U1 - V1
Z1 = (X1 + Y1) * 3
B2 = Z1 - A2
E2 = C2 + D2
G2 = (E2 + F2) * 4
I2 = H2 + 12
K2 = (I2 + J2) * 2
M2 = K2 + L2

Goal:
W1","[""A1"", ""B1"", ""D1"", ""G1"", ""J1"", ""M1"", ""P1"", ""S1"", ""X1"", ""Y1"", ""A2"", ""C2"", ""D2"", ""F2"", ""H2"", ""J2"", ""L2"", ""N2"", ""O2""]","[""A1"", ""B1"", ""G1"", ""J1"", ""M1"", ""X1"", ""Y1"", ""A2"", ""C2"", ""D2"", ""F2"", ""H2"", ""J2"", ""L2"", ""N2"", ""O2""]",3,8.0,W1,"[""A1"", ""B1"", ""D1"", ""G1"", ""J1"", ""M1"", ""P1"", ""S1"", ""X1"", ""Y1"", ""A2"", ""C2"", ""D2"", ""F2"", ""H2"", ""J2"", ""L2"", ""N2"", ""O2""]","[""A1"", ""B1"", ""D1"", ""G1"", ""J1"", ""M1"", ""P1"", ""S1""]","[""A1"", ""B1"", ""C1"", ""D1"", ""E1"", ""F1"", ""G1"", ""H1"", ""I1"", ""J1"", ""K1"", ""L1"", ""M1"", ""N1"", ""O1"", ""P1"", ""Q1"", ""R1"", ""S1"", ""T1"", ""U1"", ""V1""]","[""X1"", ""Y1"", ""Z1"", ""A2"", ""B2"", ""C2"", ""D2"", ""E2"", ""F2"", ""G2"", ""H2"", ""I2"", ""J2"", ""K2"", ""L2"", ""M2"", ""N2"", ""O2""]",8,5.0,41,22,220,"[""A1"", ""B1"", ""C1"", ""D1"", ""E1"", ""F1"", ""G1"", ""H1"", ""I1"", ""J1"", ""K1"", ""L1"", ""M1"", ""N1"", ""O1"", ""P1"", ""Q1"", ""R1"", ""S1"", ""T1"", ""U1"", ""V1"", ""W1"", ""X1"", ""Y1"", ""Z1"", ""A2"", ""B2"", ""C2"", ""D2"", ""E2"", ""F2"", ""G2"", ""H2"", ""I2"", ""J2"", ""K2"", ""L2"", ""M2"", ""N2"", ""O2""]","{""nodes"": [{""id"": ""A1"", ""depth"": 0, ""value"": 15, ""is_leaf"": true, ""is_goal"": false}, {""id"": ""B1"", ""depth"": 0, ""value"": 32, ""is_leaf"": true, ""is_goal"": false}, {""id"": ""C1"", ""depth"": 1, ""value"": 17, ""is_leaf"": false, ""is_goal"": false}, {""id"": ""D1"", ""depth"": 0, ""value"": 24, ""is_leaf"": true, ""is_goal"": false}, {""id"": ""E1"", ""depth"": 1, ""value"": 8, ""is_leaf"": false, ""is_goal"": false}, {""id"": ""F1"", ""depth"": 2, ""value"": 9, ""is_leaf"": false, ""is_goal"": false}, {""id"": ""G1"", ""depth"": 0, ""value"": 13, ""is_leaf"": true, ""is_goal"": false}, {""id"": ""H1"", ""depth"": 2, ""value"": 5, ""is_leaf"": false, ""is_goal"": false}, {""id"": ""I1"", ""depth"": 3, ""value"": 4, ""is_leaf"": false, ""is_goal"": false}, {""id"": ""J1"", ""depth"": 0, ""value"": 21, ""is_leaf"": true, ""is_goal"": false}, {""id"": ""K1"", ""depth"": 3, ""value"": 120, ""is_leaf"": false, ""is_goal"": false}, {""id"": ""L1"", ""depth"": 4, ""value"": 248, ""is_leaf"": false, ""is_goal"": false}, {""id"": ""M1"", ""depth"": 0, ""value"": 4, ""is_leaf"": true, ""is_goal"": false}, {""id"": ""N1"", ""depth"": 4, ""value"": 8, ""is_leaf"": false, ""is_goal"": false}, {""id"": ""O1"", ""depth"": 5, ""value"": 256, ""is_leaf"": false, ""is_goal"": false}, {""id"": ""P1"", ""depth"": 0, ""value"": 22, ""is_leaf"": true, ""is_goal"": false}, {""id"": ""Q1"", ""depth"": 5, ""value"": 270, ""is_leaf"": false, ""is_goal"": false}, {""id"": ""R1"", ""depth"": 6, ""value"": 14, ""is_leaf"": false, ""is_goal"": false}, {""id"": ""S1"", ""depth"": 0, ""value"": 16, ""is_leaf"": true, ""is_goal"": false}, {""id"": ""T1"", ""depth"": 6, ""value"": 240, ""is_leaf"": false, ""is_goal"": false}, {""id"": ""U1"", ""depth"": 7, ""value"": 226, ""is_leaf"": false, ""is_goal"": false}, {""id"": ""V1"", ""depth"": 7, ""value"": 6, ""is_leaf"": false, ""is_goal"": false}, {""id"": ""W1"", ""depth"": 8, ""value"": 220, ""is_leaf"": false, ""is_goal"": true}, {""id"": ""X1"", ""depth"": 0, ""value"": 6, ""is_leaf"": true, ""is_goal"": false}, {""id"": ""Y1"", ""depth"": 0, ""value"": 35, ""is_leaf"": true, ""is_goal"": false}, {""id"": ""Z1"", ""depth"": 1, ""value"": 123, ""is_leaf"": false, ""is_goal"": false}, {""id"": ""A2"", ""depth"": 0, ""value"": 31, ""is_leaf"": true, ""is_goal"": false}, {""id"": ""B2"", ""depth"": 2, ""value"": 92, ""is_leaf"": false, ""is_goal"": false}, {""id"": ""C2"", ""depth"": 0, ""value"": 5, ""is_leaf"": true, ""is_goal"": false}, {""id"": ""D2"", ""depth"": 0, ""value"": 29, ""is_leaf"": true, ""is_goal"": false}, {""id"": ""E2"", ""depth"": 1, ""value"": 34, ""is_leaf"": false, ""is_goal"": false}, {""id"": ""F2"", ""depth"": 0, ""value"": 28, ""is_leaf"": true, ""is_goal"": false}, {""id"": ""G2"", ""depth"": 2, ""value"": 248, ""is_leaf"": false, ""is_goal"": false}, {""id"": ""H2"", ""depth"": 0, ""value"": 32, ""is_leaf"": true, ""is_goal"": false}, {""id"": ""I2"", ""depth"": 1, ""value"": 44, ""is_leaf"": false, ""is_goal"": false}, {""id"": ""J2"", ""depth"": 0, ""value"": 21, ""is_leaf"": true, ""is_goal"": false}, {""id"": ""K2"", ""depth"": 2, ""value"": 130, ""is_leaf"": false, ""is_goal"": false}, {""id"": ""L2"", ""depth"": 0, ""value"": 32, ""is_leaf"": true, ""is_goal"": false}, {""id"": ""M2"", ""depth"": 3, ""value"": 162, ""is_leaf"": false, ""is_goal"": false}, {""id"": ""N2"", ""depth"": 0, ""value"": 13, ""is_leaf"": true, ""is_goal"": false}, {""id"": ""O2"", ""depth"": 0, ""value"": 40, ""is_leaf"": true, ""is_goal"": false}], ""edges"": [{""source"": ""A1"", ""target"": ""C1""}, {""source"": ""B1"", ""target"": ""C1""}, {""source"": ""B1"", ""target"": ""E1""}, {""source"": ""C1"", ""target"": ""F1""}, {""source"": ""D1"", ""target"": ""E1""}, {""source"": ""E1"", ""target"": ""F1""}, {""source"": ""E1"", ""target"": ""H1""}, {""source"": ""F1"", ""target"": ""I1""}, {""source"": ""F1"", ""target"": ""K1""}, {""source"": ""G1"", ""target"": ""H1""}, {""source"": ""H1"", ""target"": ""I1""}, {""source"": ""I1"", ""target"": ""L1""}, {""source"": ""I1"", ""target"": ""N1""}, {""source"": ""J1"", ""target"": ""K1""}, {""source"": ""K1"", ""target"": ""L1""}, {""source"": ""L1"", ""target"": ""O1""}, {""source"": ""L1"", ""target"": ""Q1""}, {""source"": ""M1"", ""target"": ""N1""}, {""source"": ""N1"", ""target"": ""O1""}, {""source"": ""O1"", ""target"": ""R1""}, {""source"": ""O1"", ""target"": ""T1""}, {""source"": ""P1"", ""target"": ""Q1""}, {""source"": ""Q1"", ""target"": ""R1""}, {""source"": ""R1"", ""target"": ""U1""}, {""source"": ""R1"", ""target"": ""V1""}, {""source"": ""S1"", ""target"": ""T1""}, {""source"": ""T1"", ""target"": ""U1""}, {""source"": ""U1"", ""target"": ""W1""}, {""source"": ""V1"", ""target"": ""W1""}, {""source"": ""X1"", ""target"": ""Z1""}, {""source"": ""Y1"", ""target"": ""Z1""}, {""source"": ""Z1"", ""target"": ""B2""}, {""source"": ""A2"", ""target"": ""B2""}, {""source"": ""C2"", ""target"": ""E2""}, {""source"": ""D2"", ""target"": ""E2""}, {""source"": ""E2"", ""target"": ""G2""}, {""source"": ""F2"", ""target"": ""G2""}, {""source"": ""H2"", ""target"": ""I2""}, {""source"": ""I2"", ""target"": ""K2""}, {""source"": ""J2"", ""target"": ""K2""}, {""source"": ""K2"", ""target"": ""M2""}, {""source"": ""L2"", ""target"": ""M2""}], ""rules"": [{""output"": ""C1"", ""inputs"": [""B1"", ""A1""], ""constant"": null, ""rule_type"": ""sub_xy"", ""expression"": ""C1 = B1 - A1""}, {""output"": ""E1"", ""inputs"": [""B1"", ""D1""], ""constant"": null, ""rule_type"": ""sub_xy"", ""expression"": ""E1 = B1 - D1""}, {""output"": ""F1"", ""inputs"": [""C1"", ""E1""], ""constant"": null, ""rule_type"": ""sub_xy"", ""expression"": ""F1 = C1 - E1""}, {""output"": ""H1"", ""inputs"": [""G1"", ""E1""], ""constant"": null, ""rule_type"": ""sub_xy"", ""expression"": ""H1 = G1 - E1""}, {""output"": ""I1"", ""inputs"": [""F1"", ""H1""], ""constant"": null, ""rule_type"": ""sub_xy"", ""expression"": ""I1 = F1 - H1""}, {""output"": ""K1"", ""inputs"": [""F1"", ""J1""], ""constant"": 4, ""rule_type"": ""sum_mul_k"", ""expression"": ""K1 = (F1 + J1) * 4""}, {""output"": ""L1"", ""inputs"": [""I1"", ""K1""], ""constant"": 2, ""rule_type"": ""sum_mul_k"", ""expression"": ""L1 = (I1 + K1) * 2""}, {""output"": ""N1"", ""inputs"": [""I1"", ""M1""], ""constant"": null, ""rule_type"": ""add_xy"", ""expression"": ""N1 = I1 + M1""}, {""output"": ""O1"", ""inputs"": [""L1"", ""N1""], ""constant"": null, ""rule_type"": ""add_xy"", ""expression"": ""O1 = L1 + N1""}, {""output"": ""Q1"", ""inputs"": [""L1"", ""P1""], ""constant"": null, ""rule_type"": ""add_xy"", ""expression"": ""Q1 = L1 + P1""}, {""output"": ""R1"", ""inputs"": [""Q1"", ""O1""], ""constant"": null, ""rule_type"": ""sub_xy"", ""expression"": ""R1 = Q1 - O1""}, {""output"": ""T1"", ""inputs"": [""O1"", ""S1""], ""constant"": null, ""rule_type"": ""sub_xy"", ""expression"": ""T1 = O1 - S1""}, {""output"": ""U1"", ""inputs"": [""T1"", ""R1""], ""constant"": null, ""rule_type"": ""sub_xy"", ""expression"": ""U1 = T1 - R1""}, {""output"": ""V1"", ""inputs"": [""R1""], ""constant"": 8, ""rule_type"": ""sub_k"", ""expression"": ""V1 = R1 - 8""}, {""output"": ""W1"", ""inputs"": [""U1"", ""V1""], ""constant"": null, ""rule_type"": ""sub_xy"", ""expression"": ""W1 = U1 - V1""}, {""output"": ""Z1"", ""inputs"": [""X1"", ""Y1""], ""constant"": 3, ""rule_type"": ""sum_mul_k"", ""expression"": ""Z1 = (X1 + Y1) * 3""}, {""output"": ""B2"", ""inputs"": [""Z1"", ""A2""], ""constant"": null, ""rule_type"": ""sub_xy"", ""expression"": ""B2 = Z1 - A2""}, {""output"": ""E2"", ""inputs"": [""C2"", ""D2""], ""constant"": null, ""rule_type"": ""add_xy"", ""expression"": ""E2 = C2 + D2""}, {""output"": ""G2"", ""inputs"": [""E2"", ""F2""], ""constant"": 4, ""rule_type"": ""sum_mul_k"", ""expression"": ""G2 = (E2 + F2) * 4""}, {""output"": ""I2"", ""inputs"": [""H2""], ""constant"": 12, ""rule_type"": ""add_k"", ""expression"": ""I2 = H2 + 12""}, {""output"": ""K2"", ""inputs"": [""I2"", ""J2""], ""constant"": 2, ""rule_type"": ""sum_mul_k"", ""expression"": ""K2 = (I2 + J2) * 2""}, {""output"": ""M2"", ""inputs"": [""K2"", ""L2""], ""constant"": null, ""rule_type"": ""add_xy"", ""expression"": ""M2 = K2 + L2""}]}","[{""output"": ""C1"", ""inputs"": [""B1"", ""A1""], ""constant"": null, ""rule_type"": ""sub_xy"", ""expression"": ""C1 = B1 - A1""}, {""output"": ""E1"", ""inputs"": [""B1"", ""D1""], ""constant"": null, ""rule_type"": ""sub_xy"", ""expression"": ""E1 = B1 - D1""}, {""output"": ""F1"", ""inputs"": [""C1"", ""E1""], ""constant"": null, ""rule_type"": ""sub_xy"", ""expression"": ""F1 = C1 - E1""}, {""output"": ""H1"", ""inputs"": [""G1"", ""E1""], ""constant"": null, ""rule_type"": ""sub_xy"", ""expression"": ""H1 = G1 - E1""}, {""output"": ""I1"", ""inputs"": [""F1"", ""H1""], ""constant"": null, ""rule_type"": ""sub_xy"", ""expression"": ""I1 = F1 - H1""}, {""output"": ""K1"", ""inputs"": [""F1"", ""J1""], ""constant"": 4, ""rule_type"": ""sum_mul_k"", ""expression"": ""K1 = (F1 + J1) * 4""}, {""output"": ""L1"", ""inputs"": [""I1"", ""K1""], ""constant"": 2, ""rule_type"": ""sum_mul_k"", ""expression"": ""L1 = (I1 + K1) * 2""}, {""output"": ""N1"", ""inputs"": [""I1"", ""M1""], ""constant"": null, ""rule_type"": ""add_xy"", ""expression"": ""N1 = I1 + M1""}, {""output"": ""O1"", ""inputs"": [""L1"", ""N1""], ""constant"": null, ""rule_type"": ""add_xy"", ""expression"": ""O1 = L1 + N1""}, {""output"": ""Q1"", ""inputs"": [""L1"", ""P1""], ""constant"": null, ""rule_type"": ""add_xy"", ""expression"": ""Q1 = L1 + P1""}, {""output"": ""R1"", ""inputs"": [""Q1"", ""O1""], ""constant"": null, ""rule_type"": ""sub_xy"", ""expression"": ""R1 = Q1 - O1""}, {""output"": ""T1"", ""inputs"": [""O1"", ""S1""], ""constant"": null, ""rule_type"": ""sub_xy"", ""expression"": ""T1 = O1 - S1""}, {""output"": ""U1"", ""inputs"": [""T1"", ""R1""], ""constant"": null, ""rule_type"": ""sub_xy"", ""expression"": ""U1 = T1 - R1""}, {""output"": ""V1"", ""inputs"": [""R1""], ""constant"": 8, ""rule_type"": ""sub_k"", ""expression"": ""V1 = R1 - 8""}, {""output"": ""W1"", ""inputs"": [""U1"", ""V1""], ""constant"": null, ""rule_type"": ""sub_xy"", ""expression"": ""W1 = U1 - V1""}, {""output"": ""Z1"", ""inputs"": [""X1"", ""Y1""], ""constant"": 3, ""rule_type"": ""sum_mul_k"", ""expression"": ""Z1 = (X1 + Y1) * 3""}, {""output"": ""B2"", ""inputs"": [""Z1"", ""A2""], ""constant"": null, ""rule_type"": ""sub_xy"", ""expression"": ""B2 = Z1 - A2""}, {""output"": ""E2"", ""inputs"": [""C2"", ""D2""], ""constant"": null, ""rule_type"": ""add_xy"", ""expression"": ""E2 = C2 + D2""}, {""output"": ""G2"", ""inputs"": [""E2"", ""F2""], ""constant"": 4, ""rule_type"": ""sum_mul_k"", ""expression"": ""G2 = (E2 + F2) * 4""}, {""output"": ""I2"", ""inputs"": [""H2""], ""constant"": 12, ""rule_type"": ""add_k"", ""expression"": ""I2 = H2 + 12""}, {""output"": ""K2"", ""inputs"": [""I2"", ""J2""], ""constant"": 2, ""rule_type"": ""sum_mul_k"", ""expression"": ""K2 = (I2 + J2) * 2""}, {""output"": ""M2"", ""inputs"": [""K2"", ""L2""], ""constant"": null, ""rule_type"": ""add_xy"", ""expression"": ""M2 = K2 + L2""}]","{""A1"": 15, ""B1"": 32, ""C1"": 17, ""D1"": 24, ""E1"": 8, ""F1"": 9, ""G1"": 13, ""H1"": 5, ""I1"": 4, ""J1"": 21, ""K1"": 120, ""L1"": 248, ""M1"": 4, ""N1"": 8, ""O1"": 256, ""P1"": 22, ""Q1"": 270, ""R1"": 14, ""S1"": 16, ""T1"": 240, ""U1"": 226, ""V1"": 6, ""W1"": 220, ""X1"": 6, ""Y1"": 35, ""Z1"": 123, ""A2"": 31, ""B2"": 92, ""C2"": 5, ""D2"": 29, ""E2"": 34, ""F2"": 28, ""G2"": 248, ""H2"": 32, ""I2"": 44, ""J2"": 21, ""K2"": 130, ""L2"": 32, ""M2"": 162, ""N2"": 13, ""O2"": 40}",True,True,True,,41,22,8,6,8,3
9c54ac16b161_k1_0,9c54ac16b161,"A1 = 30
A2 = 21
B1 = 23
C2 = 6
D1 = 31
E2 = 12
G1 = 30
G2 = 7
I2 = 25
J1 = 6
J2 = 20
K2 = 11
L2 = 19
M1 = 22
M2 = 21
N2 = 18
O2 = 7
P1 = 36
P2 = 25
Q2 = 25
R2 = 27
S2 = 26
T1 = 5
T2 = 24
U2 = 25
V2 = 39
W1 = 34
Y1 = 28
C1 = A1 + B1
E1 = (B1 + D1) * 4
F1 = E1 - C1
H1 = E1 + G1
I1 = H1 - F1
K1 = F1 + J1
L1 = I1 + K1
N1 = M1 + 2
O1 = N1 + 6
Q1 = P1 - 5
R1 = Q1 + 7
S1 = R1 + 9
U1 = T1 + 2
V1 = U1 + 10
X1 = W1 - 3
Z1 = X1 + Y1
B2 = Z1 + A2
D2 = (B2 + C2) * 2
F2 = E2 - 6
H2 = (F2 + G2) * 4
What is L1?","Variables:
A1 = 30 [known_leaf]
A2 = 21 [known_leaf_distractor]
B1 = 23 [known_leaf]
B2 [derived_distractor]
C1 [derived]
C2 = 6 [known_leaf_distractor]
D1 = 31 [known_leaf]
D2 [derived_distractor]
E1 [derived]
E2 = 12 [known_leaf_distractor]
F1 [derived]
F2 [derived_distractor]
G1 = 30 [known_leaf]
G2 = 7 [known_leaf_distractor]
H1 [derived]
H2 [derived_distractor]
I1 [derived]
I2 = 25 [known_leaf_distractor]
J1 = 6 [known_leaf]
J2 = 20 [known_leaf_distractor]
K1 [derived]
K2 = 11 [known_leaf_distractor]
L1 [goal]
L2 = 19 [known_leaf_distractor]
M1 = 22 [known_leaf_distractor]
M2 = 21 [known_leaf_distractor]
N1 [derived_distractor]
N2 = 18 [known_leaf_distractor]
O1 [derived_distractor]
O2 = 7 [known_leaf_distractor]
P1 = 36 [known_leaf_distractor]
P2 = 25 [known_leaf_distractor]
Q1 [derived_distractor]
Q2 = 25 [known_leaf_distractor]
R1 [derived_distractor]
R2 = 27 [known_leaf_distractor]
S1 [derived_distractor]
S2 = 26 [known_leaf_distractor]
T1 = 5 [known_leaf_distractor]
T2 = 24 [known_leaf_distractor]
U1 [derived_distractor]
U2 = 25 [known_leaf_distractor]
V1 [derived_distractor]
V2 = 39 [known_leaf_distractor]
W1 = 34 [known_leaf_distractor]
X1 [derived_distractor]
Y1 = 28 [known_leaf_distractor]
Z1 [derived_distractor]

Equations:
C1 = A1 + B1 [add_xy]
E1 = (B1 + D1) * 4 [sum_mul_k]
F1 = E1 - C1 [sub_xy]
H1 = E1 + G1 [add_xy]
I1 = H1 - F1 [sub_xy]
K1 = F1 + J1 [add_xy]
L1 = I1 + K1 [add_xy]
N1 = M1 + 2 [add_k]
O1 = N1 + 6 [add_k]
Q1 = P1 - 5 [sub_k]
R1 = Q1 + 7 [add_k]
S1 = R1 + 9 [add_k]
U1 = T1 + 2 [add_k]
V1 = U1 + 10 [add_k]
X1 = W1 - 3 [sub_k]
Z1 = X1 + Y1 [add_xy]
B2 = Z1 + A2 [add_xy]
D2 = (B2 + C2) * 2 [sum_mul_k]
F2 = E2 - 6 [sub_k]
H2 = (F2 + G2) * 4 [sum_mul_k]

Goal:
L1 [goal]",252,"{""A1"": ""known_leaf"", ""B1"": ""known_leaf"", ""C1"": ""derived"", ""D1"": ""known_leaf"", ""E1"": ""derived"", ""F1"": ""derived"", ""G1"": ""known_leaf"", ""H1"": ""derived"", ""I1"": ""derived"", ""J1"": ""known_leaf"", ""K1"": ""derived"", ""L1"": ""goal"", ""M1"": ""known_leaf_distractor"", ""N1"": ""derived_distractor"", ""O1"": ""derived_distractor"", ""P1"": ""known_leaf_distractor"", ""Q1"": ""derived_distractor"", ""R1"": ""derived_distractor"", ""S1"": ""derived_distractor"", ""T1"": ""known_leaf_distractor"", ""U1"": ""derived_distractor"", ""V1"": ""derived_distractor"", ""W1"": ""known_leaf_distractor"", ""X1"": ""derived_distractor"", ""Y1"": ""known_leaf_distractor"", ""Z1"": ""derived_distractor"", ""A2"": ""known_leaf_distractor"", ""B2"": ""derived_distractor"", ""C2"": ""known_leaf_distractor"", ""D2"": ""derived_distractor"", ""E2"": ""known_leaf_distractor"", ""F2"": ""derived_distractor"", ""G2"": ""known_leaf_distractor"", ""H2"": ""derived_distractor"", ""I2"": ""known_leaf_distractor"", ""J2"": ""known_leaf_distractor"", ""K2"": ""known_leaf_distractor"", ""L2"": ""known_leaf_distractor"", ""M2"": ""known_leaf_distractor"", ""N2"": ""known_leaf_distractor"", ""O2"": ""known_leaf_distractor"", ""P2"": ""known_leaf_distractor"", ""Q2"": ""known_leaf_distractor"", ""R2"": ""known_leaf_distractor"", ""S2"": ""known_leaf_distractor"", ""T2"": ""known_leaf_distractor"", ""U2"": ""known_leaf_distractor"", ""V2"": ""known_leaf_distractor""}","{""C1 = A1 + B1"": ""add_xy"", ""E1 = (B1 + D1) * 4"": ""sum_mul_k"", ""F1 = E1 - C1"": ""sub_xy"", ""H1 = E1 + G1"": ""add_xy"", ""I1 = H1 - F1"": ""sub_xy"", ""K1 = F1 + J1"": ""add_xy"", ""L1 = I1 + K1"": ""add_xy"", ""N1 = M1 + 2"": ""add_k"", ""O1 = N1 + 6"": ""add_k"", ""Q1 = P1 - 5"": ""sub_k"", ""R1 = Q1 + 7"": ""add_k"", ""S1 = R1 + 9"": ""add_k"", ""U1 = T1 + 2"": ""add_k"", ""V1 = U1 + 10"": ""add_k"", ""X1 = W1 - 3"": ""sub_k"", ""Z1 = X1 + Y1"": ""add_xy"", ""B2 = Z1 + A2"": ""add_xy"", ""D2 = (B2 + C2) * 2"": ""sum_mul_k"", ""F2 = E2 - 6"": ""sub_k"", ""H2 = (F2 + G2) * 4"": ""sum_mul_k""}",4,"A1 = 30
A2 = 21
B1 = 23
B2 = 80
C1 = 53
C2 = 6
D1 = 31
D2 = 172
E1 = 216
E2 = 12
F1 = 163
F2 = 6
G1 = 30
G2 = 7
H1 = 246
H2 = 52
I1 = 83
I2 = 25
J1 = 6
J2 = 20
K1 = 169
K2 = 11
L1 = 252
L2 = 19
M1 = 22
M2 = 21
N1 = 24
N2 = 18
O1 = 30
O2 = 7
P1 = 36
P2 = 25
Q1 = 31
Q2 = 25
R1 = 38
R2 = 27
S1 = 47
S2 = 26
T1 = 5
T2 = 24
U1 = 7
U2 = 25
V1 = 17
V2 = 39
W1 = 34
X1 = 31
Y1 = 28
Z1 = 59","[""D1""]","Variables:
A1 = 30
A2 = 21
B1 = 23
B2
C1
C2 = 6
D1
D2
E1
E2 = 12
F1
F2
G1 = 30
G2 = 7
H1
H2
I1
I2 = 25
J1 = 6
J2 = 20
K1
K2 = 11
L1
L2 = 19
M1 = 22
M2 = 21
N1
N2 = 18
O1
O2 = 7
P1 = 36
P2 = 25
Q1
Q2 = 25
R1
R2 = 27
S1
S2 = 26
T1 = 5
T2 = 24
U1
U2 = 25
V1
V2 = 39
W1 = 34
X1
Y1 = 28
Z1

Equations:
C1 = A1 + B1
E1 = (B1 + D1) * 4
F1 = E1 - C1
H1 = E1 + G1
I1 = H1 - F1
K1 = F1 + J1
L1 = I1 + K1
N1 = M1 + 2
O1 = N1 + 6
Q1 = P1 - 5
R1 = Q1 + 7
S1 = R1 + 9
U1 = T1 + 2
V1 = U1 + 10
X1 = W1 - 3
Z1 = X1 + Y1
B2 = Z1 + A2
D2 = (B2 + C2) * 2
F2 = E2 - 6
H2 = (F2 + G2) * 4

Goal:
L1","[""A1"", ""B1"", ""D1"", ""G1"", ""J1"", ""M1"", ""P1"", ""T1"", ""W1"", ""Y1"", ""A2"", ""C2"", ""E2"", ""G2"", ""I2"", ""J2"", ""K2"", ""L2"", ""M2"", ""N2"", ""O2"", ""P2"", ""Q2"", ""R2"", ""S2"", ""T2"", ""U2"", ""V2""]","[""A1"", ""B1"", ""G1"", ""J1"", ""M1"", ""P1"", ""T1"", ""W1"", ""Y1"", ""A2"", ""C2"", ""E2"", ""G2"", ""I2"", ""J2"", ""K2"", ""L2"", ""M2"", ""N2"", ""O2"", ""P2"", ""Q2"", ""R2"", ""S2"", ""T2"", ""U2"", ""V2""]",1,4.0,L1,"[""A1"", ""B1"", ""D1"", ""G1"", ""J1"", ""M1"", ""P1"", ""T1"", ""W1"", ""Y1"", ""A2"", ""C2"", ""E2"", ""G2"", ""I2"", ""J2"", ""K2"", ""L2"", ""M2"", ""N2"", ""O2"", ""P2"", ""Q2"", ""R2"", ""S2"", ""T2"", ""U2"", ""V2""]","[""A1"", ""B1"", ""D1"", ""G1"", ""J1""]","[""A1"", ""B1"", ""C1"", ""D1"", ""E1"", ""F1"", ""G1"", ""H1"", ""I1"", ""J1"", ""K1""]","[""M1"", ""N1"", ""O1"", ""P1"", ""Q1"", ""R1"", ""S1"", ""T1"", ""U1"", ""V1"", ""W1"", ""X1"", ""Y1"", ""Z1"", ""A2"", ""B2"", ""C2"", ""D2"", ""E2"", ""F2"", ""G2"", ""H2"", ""I2"", ""J2"", ""K2"", ""L2"", ""M2"", ""N2"", ""O2"", ""P2"", ""Q2"", ""R2"", ""S2"", ""T2"", ""U2"", ""V2""]",4,4.0,48,20,252,"[""A1"", ""B1"", ""C1"", ""D1"", ""E1"", ""F1"", ""G1"", ""H1"", ""I1"", ""J1"", ""K1"", ""L1"", ""M1"", ""N1"", ""O1"", ""P1"", ""Q1"", ""R1"", ""S1"", ""T1"", ""U1"", ""V1"", ""W1"", ""X1"", ""Y1"", ""Z1"", ""A2"", ""B2"", ""C2"", ""D2"", ""E2"", ""F2"", ""G2"", ""H2"", ""I2"", ""J2"", ""K2"", ""L2"", ""M2"", ""N2"", ""O2"", ""P2"", ""Q2"", ""R2"", ""S2"", ""T2"", ""U2"", ""V2""]","{""nodes"": [{""id"": ""A1"", ""depth"": 0, ""value"": 30, ""is_leaf"": true, ""is_goal"": false}, {""id"": ""B1"", ""depth"": 0, ""value"": 23, ""is_leaf"": true, ""is_goal"": false}, {""id"": ""C1"", ""depth"": 1, ""value"": 53, ""is_leaf"": false, ""is_goal"": false}, {""id"": ""D1"", ""depth"": 0, ""value"": 31, ""is_leaf"": true, ""is_goal"": false}, {""id"": ""E1"", ""depth"": 1, ""value"": 216, ""is_leaf"": false, ""is_goal"": false}, {""id"": ""F1"", ""depth"": 2, ""value"": 163, ""is_leaf"": false, ""is_goal"": false}, {""id"": ""G1"", ""depth"": 0, ""value"": 30, ""is_leaf"": true, ""is_goal"": false}, {""id"": ""H1"", ""depth"": 2, ""value"": 246, ""is_leaf"": false, ""is_goal"": false}, {""id"": ""I1"", ""depth"": 3, ""value"": 83, ""is_leaf"": false, ""is_goal"": false}, {""id"": ""J1"", ""depth"": 0, ""value"": 6, ""is_leaf"": true, ""is_goal"": false}, {""id"": ""K1"", ""depth"": 3, ""value"": 169, ""is_leaf"": false, ""is_goal"": false}, {""id"": ""L1"", ""depth"": 4, ""value"": 252, ""is_leaf"": false, ""is_goal"": true}, {""id"": ""M1"", ""depth"": 0, ""value"": 22, ""is_leaf"": true, ""is_goal"": false}, {""id"": ""N1"", ""depth"": 1, ""value"": 24, ""is_leaf"": false, ""is_goal"": false}, {""id"": ""O1"", ""depth"": 2, ""value"": 30, ""is_leaf"": false, ""is_goal"": false}, {""id"": ""P1"", ""depth"": 0, ""value"": 36, ""is_leaf"": true, ""is_goal"": false}, {""id"": ""Q1"", ""depth"": 1, ""value"": 31, ""is_leaf"": false, ""is_goal"": false}, {""id"": ""R1"", ""depth"": 2, ""value"": 38, ""is_leaf"": false, ""is_goal"": false}, {""id"": ""S1"", ""depth"": 3, ""value"": 47, ""is_leaf"": false, ""is_goal"": false}, {""id"": ""T1"", ""depth"": 0, ""value"": 5, ""is_leaf"": true, ""is_goal"": false}, {""id"": ""U1"", ""depth"": 1, ""value"": 7, ""is_leaf"": false, ""is_goal"": false}, {""id"": ""V1"", ""depth"": 2, ""value"": 17, ""is_leaf"": false, ""is_goal"": false}, {""id"": ""W1"", ""depth"": 0, ""value"": 34, ""is_leaf"": true, ""is_goal"": false}, {""id"": ""X1"", ""depth"": 1, ""value"": 31, ""is_leaf"": false, ""is_goal"": false}, {""id"": ""Y1"", ""depth"": 0, ""value"": 28, ""is_leaf"": true, ""is_goal"": false}, {""id"": ""Z1"", ""depth"": 2, ""value"": 59, ""is_leaf"": false, ""is_goal"": false}, {""id"": ""A2"", ""depth"": 0, ""value"": 21, ""is_leaf"": true, ""is_goal"": false}, {""id"": ""B2"", ""depth"": 3, ""value"": 80, ""is_leaf"": false, ""is_goal"": false}, {""id"": ""C2"", ""depth"": 0, ""value"": 6, ""is_leaf"": true, ""is_goal"": false}, {""id"": ""D2"", ""depth"": 4, ""value"": 172, ""is_leaf"": false, ""is_goal"": false}, {""id"": ""E2"", ""depth"": 0, ""value"": 12, ""is_leaf"": true, ""is_goal"": false}, {""id"": ""F2"", ""depth"": 1, ""value"": 6, ""is_leaf"": false, ""is_goal"": false}, {""id"": ""G2"", ""depth"": 0, ""value"": 7, ""is_leaf"": true, ""is_goal"": false}, {""id"": ""H2"", ""depth"": 2, ""value"": 52, ""is_leaf"": false, ""is_goal"": false}, {""id"": ""I2"", ""depth"": 0, ""value"": 25, ""is_leaf"": true, ""is_goal"": false}, {""id"": ""J2"", ""depth"": 0, ""value"": 20, ""is_leaf"": true, ""is_goal"": false}, {""id"": ""K2"", ""depth"": 0, ""value"": 11, ""is_leaf"": true, ""is_goal"": false}, {""id"": ""L2"", ""depth"": 0, ""value"": 19, ""is_leaf"": true, ""is_goal"": false}, {""id"": ""M2"", ""depth"": 0, ""value"": 21, ""is_leaf"": true, ""is_goal"": false}, {""id"": ""N2"", ""depth"": 0, ""value"": 18, ""is_leaf"": true, ""is_goal"": false}, {""id"": ""O2"", ""depth"": 0, ""value"": 7, ""is_leaf"": true, ""is_goal"": false}, {""id"": ""P2"", ""depth"": 0, ""value"": 25, ""is_leaf"": true, ""is_goal"": false}, {""id"": ""Q2"", ""depth"": 0, ""value"": 25, ""is_leaf"": true, ""is_goal"": false}, {""id"": ""R2"", ""depth"": 0, ""value"": 27, ""is_leaf"": true, ""is_goal"": false}, {""id"": ""S2"", ""depth"": 0, ""value"": 26, ""is_leaf"": true, ""is_goal"": false}, {""id"": ""T2"", ""depth"": 0, ""value"": 24, ""is_leaf"": true, ""is_goal"": false}, {""id"": ""U2"", ""depth"": 0, ""value"": 25, ""is_leaf"": true, ""is_goal"": false}, {""id"": ""V2"", ""depth"": 0, ""value"": 39, ""is_leaf"": true, ""is_goal"": false}], ""edges"": [{""source"": ""A1"", ""target"": ""C1""}, {""source"": ""B1"", ""target"": ""C1""}, {""source"": ""B1"", ""target"": ""E1""}, {""source"": ""C1"", ""target"": ""F1""}, {""source"": ""D1"", ""target"": ""E1""}, {""source"": ""E1"", ""target"": ""F1""}, {""source"": ""E1"", ""target"": ""H1""}, {""source"": ""F1"", ""target"": ""I1""}, {""source"": ""F1"", ""target"": ""K1""}, {""source"": ""G1"", ""target"": ""H1""}, {""source"": ""H1"", ""target"": ""I1""}, {""source"": ""I1"", ""target"": ""L1""}, {""source"": ""J1"", ""target"": ""K1""}, {""source"": ""K1"", ""target"": ""L1""}, {""source"": ""M1"", ""target"": ""N1""}, {""source"": ""N1"", ""target"": ""O1""}, {""source"": ""P1"", ""target"": ""Q1""}, {""source"": ""Q1"", ""target"": ""R1""}, {""source"": ""R1"", ""target"": ""S1""}, {""source"": ""T1"", ""target"": ""U1""}, {""source"": ""U1"", ""target"": ""V1""}, {""source"": ""W1"", ""target"": ""X1""}, {""source"": ""X1"", ""target"": ""Z1""}, {""source"": ""Y1"", ""target"": ""Z1""}, {""source"": ""Z1"", ""target"": ""B2""}, {""source"": ""A2"", ""target"": ""B2""}, {""source"": ""B2"", ""target"": ""D2""}, {""source"": ""C2"", ""target"": ""D2""}, {""source"": ""E2"", ""target"": ""F2""}, {""source"": ""F2"", ""target"": ""H2""}, {""source"": ""G2"", ""target"": ""H2""}], ""rules"": [{""output"": ""C1"", ""inputs"": [""A1"", ""B1""], ""constant"": null, ""rule_type"": ""add_xy"", ""expression"": ""C1 = A1 + B1""}, {""output"": ""E1"", ""inputs"": [""B1"", ""D1""], ""constant"": 4, ""rule_type"": ""sum_mul_k"", ""expression"": ""E1 = (B1 + D1) * 4""}, {""output"": ""F1"", ""inputs"": [""E1"", ""C1""], ""constant"": null, ""rule_type"": ""sub_xy"", ""expression"": ""F1 = E1 - C1""}, {""output"": ""H1"", ""inputs"": [""E1"", ""G1""], ""constant"": null, ""rule_type"": ""add_xy"", ""expression"": ""H1 = E1 + G1""}, {""output"": ""I1"", ""inputs"": [""H1"", ""F1""], ""constant"": null, ""rule_type"": ""sub_xy"", ""expression"": ""I1 = H1 - F1""}, {""output"": ""K1"", ""inputs"": [""F1"", ""J1""], ""constant"": null, ""rule_type"": ""add_xy"", ""expression"": ""K1 = F1 + J1""}, {""output"": ""L1"", ""inputs"": [""I1"", ""K1""], ""constant"": null, ""rule_type"": ""add_xy"", ""expression"": ""L1 = I1 + K1""}, {""output"": ""N1"", ""inputs"": [""M1""], ""constant"": 2, ""rule_type"": ""add_k"", ""expression"": ""N1 = M1 + 2""}, {""output"": ""O1"", ""inputs"": [""N1""], ""constant"": 6, ""rule_type"": ""add_k"", ""expression"": ""O1 = N1 + 6""}, {""output"": ""Q1"", ""inputs"": [""P1""], ""constant"": 5, ""rule_type"": ""sub_k"", ""expression"": ""Q1 = P1 - 5""}, {""output"": ""R1"", ""inputs"": [""Q1""], ""constant"": 7, ""rule_type"": ""add_k"", ""expression"": ""R1 = Q1 + 7""}, {""output"": ""S1"", ""inputs"": [""R1""], ""constant"": 9, ""rule_type"": ""add_k"", ""expression"": ""S1 = R1 + 9""}, {""output"": ""U1"", ""inputs"": [""T1""], ""constant"": 2, ""rule_type"": ""add_k"", ""expression"": ""U1 = T1 + 2""}, {""output"": ""V1"", ""inputs"": [""U1""], ""constant"": 10, ""rule_type"": ""add_k"", ""expression"": ""V1 = U1 + 10""}, {""output"": ""X1"", ""inputs"": [""W1""], ""constant"": 3, ""rule_type"": ""sub_k"", ""expression"": ""X1 = W1 - 3""}, {""output"": ""Z1"", ""inputs"": [""X1"", ""Y1""], ""constant"": null, ""rule_type"": ""add_xy"", ""expression"": ""Z1 = X1 + Y1""}, {""output"": ""B2"", ""inputs"": [""Z1"", ""A2""], ""constant"": null, ""rule_type"": ""add_xy"", ""expression"": ""B2 = Z1 + A2""}, {""output"": ""D2"", ""inputs"": [""B2"", ""C2""], ""constant"": 2, ""rule_type"": ""sum_mul_k"", ""expression"": ""D2 = (B2 + C2) * 2""}, {""output"": ""F2"", ""inputs"": [""E2""], ""constant"": 6, ""rule_type"": ""sub_k"", ""expression"": ""F2 = E2 - 6""}, {""output"": ""H2"", ""inputs"": [""F2"", ""G2""], ""constant"": 4, ""rule_type"": ""sum_mul_k"", ""expression"": ""H2 = (F2 + G2) * 4""}]}","[{""output"": ""C1"", ""inputs"": [""A1"", ""B1""], ""constant"": null, ""rule_type"": ""add_xy"", ""expression"": ""C1 = A1 + B1""}, {""output"": ""E1"", ""inputs"": [""B1"", ""D1""], ""constant"": 4, ""rule_type"": ""sum_mul_k"", ""expression"": ""E1 = (B1 + D1) * 4""}, {""output"": ""F1"", ""inputs"": [""E1"", ""C1""], ""constant"": null, ""rule_type"": ""sub_xy"", ""expression"": ""F1 = E1 - C1""}, {""output"": ""H1"", ""inputs"": [""E1"", ""G1""], ""constant"": null, ""rule_type"": ""add_xy"", ""expression"": ""H1 = E1 + G1""}, {""output"": ""I1"", ""inputs"": [""H1"", ""F1""], ""constant"": null, ""rule_type"": ""sub_xy"", ""expression"": ""I1 = H1 - F1""}, {""output"": ""K1"", ""inputs"": [""F1"", ""J1""], ""constant"": null, ""rule_type"": ""add_xy"", ""expression"": ""K1 = F1 + J1""}, {""output"": ""L1"", ""inputs"": [""I1"", ""K1""], ""constant"": null, ""rule_type"": ""add_xy"", ""expression"": ""L1 = I1 + K1""}, {""output"": ""N1"", ""inputs"": [""M1""], ""constant"": 2, ""rule_type"": ""add_k"", ""expression"": ""N1 = M1 + 2""}, {""output"": ""O1"", ""inputs"": [""N1""], ""constant"": 6, ""rule_type"": ""add_k"", ""expression"": ""O1 = N1 + 6""}, {""output"": ""Q1"", ""inputs"": [""P1""], ""constant"": 5, ""rule_type"": ""sub_k"", ""expression"": ""Q1 = P1 - 5""}, {""output"": ""R1"", ""inputs"": [""Q1""], ""constant"": 7, ""rule_type"": ""add_k"", ""expression"": ""R1 = Q1 + 7""}, {""output"": ""S1"", ""inputs"": [""R1""], ""constant"": 9, ""rule_type"": ""add_k"", ""expression"": ""S1 = R1 + 9""}, {""output"": ""U1"", ""inputs"": [""T1""], ""constant"": 2, ""rule_type"": ""add_k"", ""expression"": ""U1 = T1 + 2""}, {""output"": ""V1"", ""inputs"": [""U1""], ""constant"": 10, ""rule_type"": ""add_k"", ""expression"": ""V1 = U1 + 10""}, {""output"": ""X1"", ""inputs"": [""W1""], ""constant"": 3, ""rule_type"": ""sub_k"", ""expression"": ""X1 = W1 - 3""}, {""output"": ""Z1"", ""inputs"": [""X1"", ""Y1""], ""constant"": null, ""rule_type"": ""add_xy"", ""expression"": ""Z1 = X1 + Y1""}, {""output"": ""B2"", ""inputs"": [""Z1"", ""A2""], ""constant"": null, ""rule_type"": ""add_xy"", ""expression"": ""B2 = Z1 + A2""}, {""output"": ""D2"", ""inputs"": [""B2"", ""C2""], ""constant"": 2, ""rule_type"": ""sum_mul_k"", ""expression"": ""D2 = (B2 + C2) * 2""}, {""output"": ""F2"", ""inputs"": [""E2""], ""constant"": 6, ""rule_type"": ""sub_k"", ""expression"": ""F2 = E2 - 6""}, {""output"": ""H2"", ""inputs"": [""F2"", ""G2""], ""constant"": 4, ""rule_type"": ""sum_mul_k"", ""expression"": ""H2 = (F2 + G2) * 4""}]","{""A1"": 30, ""B1"": 23, ""C1"": 53, ""D1"": 31, ""E1"": 216, ""F1"": 163, ""G1"": 30, ""H1"": 246, ""I1"": 83, ""J1"": 6, ""K1"": 169, ""L1"": 252, ""M1"": 22, ""N1"": 24, ""O1"": 30, ""P1"": 36, ""Q1"": 31, ""R1"": 38, ""S1"": 47, ""T1"": 5, ""U1"": 7, ""V1"": 17, ""W1"": 34, ""X1"": 31, ""Y1"": 28, ""Z1"": 59, ""A2"": 21, ""B2"": 80, ""C2"": 6, ""D2"": 172, ""E2"": 12, ""F2"": 6, ""G2"": 7, ""H2"": 52, ""I2"": 25, ""J2"": 20, ""K2"": 11, ""L2"": 19, ""M2"": 21, ""N2"": 18, ""O2"": 7, ""P2"": 25, ""Q2"": 25, ""R2"": 27, ""S2"": 26, ""T2"": 24, ""U2"": 25, ""V2"": 39}",True,True,True,,48,20,4,9,5,1
1f1b5d11839d_k4_0,1f1b5d11839d,"A1 = 6
B1 = 35
D1 = 7
D2 = 17
F2 = 25
G1 = 13
I2 = 38
J1 = 36
M1 = 14
P1 = 11
S1 = 19
V1 = 38
X1 = 9
Z1 = 36
C1 = (A1 + B1) * 3
E1 = (B1 + D1) * 3
F1 = E1 - C1
H1 = (E1 + G1) * 2
I1 = F1 + H1
K1 = H1 - J1
L1 = I1 - K1
N1 = K1 + M1
O1 = L1 + N1
Q1 = N1 + P1
R1 = O1 - Q1
T1 = O1 + S1
U1 = T1 - R1
W1 = V1 + 2
Y1 = (W1 + X1) * 3
A2 = Z1 * 4
B2 = A2 + 4
C2 = B2 + 3
E2 = D2 + 4
G2 = F2 - E2
H2 = G2 + 5
What is U1?","Variables:
A1 = 6 [known_leaf]
A2 [derived_distractor]
B1 = 35 [known_leaf]
B2 [derived_distractor]
C1 [derived]
C2 [derived_distractor]
D1 = 7 [known_leaf]
D2 = 17 [known_leaf_distractor]
E1 [derived]
E2 [derived_distractor]
F1 [derived]
F2 = 25 [known_leaf_distractor]
G1 = 13 [known_leaf]
G2 [derived_distractor]
H1 [derived]
H2 [derived_distractor]
I1 [derived]
I2 = 38 [known_leaf_distractor]
J1 = 36 [known_leaf]
K1 [derived]
L1 [derived]
M1 = 14 [known_leaf]
N1 [derived]
O1 [derived]
P1 = 11 [known_leaf]
Q1 [derived]
R1 [derived]
S1 = 19 [known_leaf]
T1 [derived]
U1 [goal]
V1 = 38 [known_leaf_distractor]
W1 [derived_distractor]
X1 = 9 [known_leaf_distractor]
Y1 [derived_distractor]
Z1 = 36 [known_leaf_distractor]

Equations:
C1 = (A1 + B1) * 3 [sum_mul_k]
E1 = (B1 + D1) * 3 [sum_mul_k]
F1 = E1 - C1 [sub_xy]
H1 = (E1 + G1) * 2 [sum_mul_k]
I1 = F1 + H1 [add_xy]
K1 = H1 - J1 [sub_xy]
L1 = I1 - K1 [sub_xy]
N1 = K1 + M1 [add_xy]
O1 = L1 + N1 [add_xy]
Q1 = N1 + P1 [add_xy]
R1 = O1 - Q1 [sub_xy]
T1 = O1 + S1 [add_xy]
U1 = T1 - R1 [sub_xy]
W1 = V1 + 2 [add_k]
Y1 = (W1 + X1) * 3 [sum_mul_k]
A2 = Z1 * 4 [mul_k]
B2 = A2 + 4 [add_k]
C2 = B2 + 3 [add_k]
E2 = D2 + 4 [add_k]
G2 = F2 - E2 [sub_xy]
H2 = G2 + 5 [add_k]

Goal:
U1 [goal]",286,"{""A1"": ""known_leaf"", ""B1"": ""known_leaf"", ""C1"": ""derived"", ""D1"": ""known_leaf"", ""E1"": ""derived"", ""F1"": ""derived"", ""G1"": ""known_leaf"", ""H1"": ""derived"", ""I1"": ""derived"", ""J1"": ""known_leaf"", ""K1"": ""derived"", ""L1"": ""derived"", ""M1"": ""known_leaf"", ""N1"": ""derived"", ""O1"": ""derived"", ""P1"": ""known_leaf"", ""Q1"": ""derived"", ""R1"": ""derived"", ""S1"": ""known_leaf"", ""T1"": ""derived"", ""U1"": ""goal"", ""V1"": ""known_leaf_distractor"", ""W1"": ""derived_distractor"", ""X1"": ""known_leaf_distractor"", ""Y1"": ""derived_distractor"", ""Z1"": ""known_leaf_distractor"", ""A2"": ""derived_distractor"", ""B2"": ""derived_distractor"", ""C2"": ""derived_distractor"", ""D2"": ""known_leaf_distractor"", ""E2"": ""derived_distractor"", ""F2"": ""known_leaf_distractor"", ""G2"": ""derived_distractor"", ""H2"": ""derived_distractor"", ""I2"": ""known_leaf_distractor""}","{""C1 = (A1 + B1) * 3"": ""sum_mul_k"", ""E1 = (B1 + D1) * 3"": ""sum_mul_k"", ""F1 = E1 - C1"": ""sub_xy"", ""H1 = (E1 + G1) * 2"": ""sum_mul_k"", ""I1 = F1 + H1"": ""add_xy"", ""K1 = H1 - J1"": ""sub_xy"", ""L1 = I1 - K1"": ""sub_xy"", ""N1 = K1 + M1"": ""add_xy"", ""O1 = L1 + N1"": ""add_xy"", ""Q1 = N1 + P1"": ""add_xy"", ""R1 = O1 - Q1"": ""sub_xy"", ""T1 = O1 + S1"": ""add_xy"", ""U1 = T1 - R1"": ""sub_xy"", ""W1 = V1 + 2"": ""add_k"", ""Y1 = (W1 + X1) * 3"": ""sum_mul_k"", ""A2 = Z1 * 4"": ""mul_k"", ""B2 = A2 + 4"": ""add_k"", ""C2 = B2 + 3"": ""add_k"", ""E2 = D2 + 4"": ""add_k"", ""G2 = F2 - E2"": ""sub_xy"", ""H2 = G2 + 5"": ""add_k""}",7,"A1 = 6
A2 = 144
B1 = 35
B2 = 148
C1 = 123
C2 = 151
D1 = 7
D2 = 17
E1 = 126
E2 = 21
F1 = 3
F2 = 25
G1 = 13
G2 = 4
H1 = 278
H2 = 9
I1 = 281
I2 = 38
J1 = 36
K1 = 242
L1 = 39
M1 = 14
N1 = 256
O1 = 295
P1 = 11
Q1 = 267
R1 = 28
S1 = 19
T1 = 314
U1 = 286
V1 = 38
W1 = 40
X1 = 9
Y1 = 147
Z1 = 36","[""D1"", ""M1"", ""P1"", ""S1""]","Variables:
A1 = 6
A2
B1 = 35
B2
C1
C2
D1
D2 = 17
E1
E2
F1
F2 = 25
G1 = 13
G2
H1
H2
I1
I2 = 38
J1 = 36
K1
L1
M1
N1
O1
P1
Q1
R1
S1
T1
U1
V1 = 38
W1
X1 = 9
Y1
Z1 = 36

Equations:
C1 = (A1 + B1) * 3
E1 = (B1 + D1) * 3
F1 = E1 - C1
H1 = (E1 + G1) * 2
I1 = F1 + H1
K1 = H1 - J1
L1 = I1 - K1
N1 = K1 + M1
O1 = L1 + N1
Q1 = N1 + P1
R1 = O1 - Q1
T1 = O1 + S1
U1 = T1 - R1
W1 = V1 + 2
Y1 = (W1 + X1) * 3
A2 = Z1 * 4
B2 = A2 + 4
C2 = B2 + 3
E2 = D2 + 4
G2 = F2 - E2
H2 = G2 + 5

Goal:
U1","[""A1"", ""B1"", ""D1"", ""G1"", ""J1"", ""M1"", ""P1"", ""S1"", ""V1"", ""X1"", ""Z1"", ""D2"", ""F2"", ""I2""]","[""A1"", ""B1"", ""G1"", ""J1"", ""V1"", ""X1"", ""Z1"", ""D2"", ""F2"", ""I2""]",4,7.0,U1,"[""A1"", ""B1"", ""D1"", ""G1"", ""J1"", ""M1"", ""P1"", ""S1"", ""V1"", ""X1"", ""Z1"", ""D2"", ""F2"", ""I2""]","[""A1"", ""B1"", ""D1"", ""G1"", ""J1"", ""M1"", ""P1"", ""S1""]","[""A1"", ""B1"", ""C1"", ""D1"", ""E1"", ""F1"", ""G1"", ""H1"", ""I1"", ""J1"", ""K1"", ""L1"", ""M1"", ""N1"", ""O1"", ""P1"", ""Q1"", ""R1"", ""S1"", ""T1""]","[""V1"", ""W1"", ""X1"", ""Y1"", ""Z1"", ""A2"", ""B2"", ""C2"", ""D2"", ""E2"", ""F2"", ""G2"", ""H2"", ""I2""]",7,4.0,35,21,286,"[""A1"", ""B1"", ""C1"", ""D1"", ""E1"", ""F1"", ""G1"", ""H1"", ""I1"", ""J1"", ""K1"", ""L1"", ""M1"", ""N1"", ""O1"", ""P1"", ""Q1"", ""R1"", ""S1"", ""T1"", ""U1"", ""V1"", ""W1"", ""X1"", ""Y1"", ""Z1"", ""A2"", ""B2"", ""C2"", ""D2"", ""E2"", ""F2"", ""G2"", ""H2"", ""I2""]","{""nodes"": [{""id"": ""A1"", ""depth"": 0, ""value"": 6, ""is_leaf"": true, ""is_goal"": false}, {""id"": ""B1"", ""depth"": 0, ""value"": 35, ""is_leaf"": true, ""is_goal"": false}, {""id"": ""C1"", ""depth"": 1, ""value"": 123, ""is_leaf"": false, ""is_goal"": false}, {""id"": ""D1"", ""depth"": 0, ""value"": 7, ""is_leaf"": true, ""is_goal"": false}, {""id"": ""E1"", ""depth"": 1, ""value"": 126, ""is_leaf"": false, ""is_goal"": false}, {""id"": ""F1"", ""depth"": 2, ""value"": 3, ""is_leaf"": false, ""is_goal"": false}, {""id"": ""G1"", ""depth"": 0, ""value"": 13, ""is_leaf"": true, ""is_goal"": false}, {""id"": ""H1"", ""depth"": 2, ""value"": 278, ""is_leaf"": false, ""is_goal"": false}, {""id"": ""I1"", ""depth"": 3, ""value"": 281, ""is_leaf"": false, ""is_goal"": false}, {""id"": ""J1"", ""depth"": 0, ""value"": 36, ""is_leaf"": true, ""is_goal"": false}, {""id"": ""K1"", ""depth"": 3, ""value"": 242, ""is_leaf"": false, ""is_goal"": false}, {""id"": ""L1"", ""depth"": 4, ""value"": 39, ""is_leaf"": false, ""is_goal"": false}, {""id"": ""M1"", ""depth"": 0, ""value"": 14, ""is_leaf"": true, ""is_goal"": false}, {""id"": ""N1"", ""depth"": 4, ""value"": 256, ""is_leaf"": false, ""is_goal"": false}, {""id"": ""O1"", ""depth"": 5, ""value"": 295, ""is_leaf"": false, ""is_goal"": false}, {""id"": ""P1"", ""depth"": 0, ""value"": 11, ""is_leaf"": true, ""is_goal"": false}, {""id"": ""Q1"", ""depth"": 5, ""value"": 267, ""is_leaf"": false, ""is_goal"": false}, {""id"": ""R1"", ""depth"": 6, ""value"": 28, ""is_leaf"": false, ""is_goal"": false}, {""id"": ""S1"", ""depth"": 0, ""value"": 19, ""is_leaf"": true, ""is_goal"": false}, {""id"": ""T1"", ""depth"": 6, ""value"": 314, ""is_leaf"": false, ""is_goal"": false}, {""id"": ""U1"", ""depth"": 7, ""value"": 286, ""is_leaf"": false, ""is_goal"": true}, {""id"": ""V1"", ""depth"": 0, ""value"": 38, ""is_leaf"": true, ""is_goal"": false}, {""id"": ""W1"", ""depth"": 1, ""value"": 40, ""is_leaf"": false, ""is_goal"": false}, {""id"": ""X1"", ""depth"": 0, ""value"": 9, ""is_leaf"": true, ""is_goal"": false}, {""id"": ""Y1"", ""depth"": 2, ""value"": 147, ""is_leaf"": false, ""is_goal"": false}, {""id"": ""Z1"", ""depth"": 0, ""value"": 36, ""is_leaf"": true, ""is_goal"": false}, {""id"": ""A2"", ""depth"": 1, ""value"": 144, ""is_leaf"": false, ""is_goal"": false}, {""id"": ""B2"", ""depth"": 2, ""value"": 148, ""is_leaf"": false, ""is_goal"": false}, {""id"": ""C2"", ""depth"": 3, ""value"": 151, ""is_leaf"": false, ""is_goal"": false}, {""id"": ""D2"", ""depth"": 0, ""value"": 17, ""is_leaf"": true, ""is_goal"": false}, {""id"": ""E2"", ""depth"": 1, ""value"": 21, ""is_leaf"": false, ""is_goal"": false}, {""id"": ""F2"", ""depth"": 0, ""value"": 25, ""is_leaf"": true, ""is_goal"": false}, {""id"": ""G2"", ""depth"": 2, ""value"": 4, ""is_leaf"": false, ""is_goal"": false}, {""id"": ""H2"", ""depth"": 3, ""value"": 9, ""is_leaf"": false, ""is_goal"": false}, {""id"": ""I2"", ""depth"": 0, ""value"": 38, ""is_leaf"": true, ""is_goal"": false}], ""edges"": [{""source"": ""A1"", ""target"": ""C1""}, {""source"": ""B1"", ""target"": ""C1""}, {""source"": ""B1"", ""target"": ""E1""}, {""source"": ""C1"", ""target"": ""F1""}, {""source"": ""D1"", ""target"": ""E1""}, {""source"": ""E1"", ""target"": ""F1""}, {""source"": ""E1"", ""target"": ""H1""}, {""source"": ""F1"", ""target"": ""I1""}, {""source"": ""G1"", ""target"": ""H1""}, {""source"": ""H1"", ""target"": ""I1""}, {""source"": ""H1"", ""target"": ""K1""}, {""source"": ""I1"", ""target"": ""L1""}, {""source"": ""J1"", ""target"": ""K1""}, {""source"": ""K1"", ""target"": ""L1""}, {""source"": ""K1"", ""target"": ""N1""}, {""source"": ""L1"", ""target"": ""O1""}, {""source"": ""M1"", ""target"": ""N1""}, {""source"": ""N1"", ""target"": ""O1""}, {""source"": ""N1"", ""target"": ""Q1""}, {""source"": ""O1"", ""target"": ""R1""}, {""source"": ""O1"", ""target"": ""T1""}, {""source"": ""P1"", ""target"": ""Q1""}, {""source"": ""Q1"", ""target"": ""R1""}, {""source"": ""R1"", ""target"": ""U1""}, {""source"": ""S1"", ""target"": ""T1""}, {""source"": ""T1"", ""target"": ""U1""}, {""source"": ""V1"", ""target"": ""W1""}, {""source"": ""W1"", ""target"": ""Y1""}, {""source"": ""X1"", ""target"": ""Y1""}, {""source"": ""Z1"", ""target"": ""A2""}, {""source"": ""A2"", ""target"": ""B2""}, {""source"": ""B2"", ""target"": ""C2""}, {""source"": ""D2"", ""target"": ""E2""}, {""source"": ""E2"", ""target"": ""G2""}, {""source"": ""F2"", ""target"": ""G2""}, {""source"": ""G2"", ""target"": ""H2""}], ""rules"": [{""output"": ""C1"", ""inputs"": [""A1"", ""B1""], ""constant"": 3, ""rule_type"": ""sum_mul_k"", ""expression"": ""C1 = (A1 + B1) * 3""}, {""output"": ""E1"", ""inputs"": [""B1"", ""D1""], ""constant"": 3, ""rule_type"": ""sum_mul_k"", ""expression"": ""E1 = (B1 + D1) * 3""}, {""output"": ""F1"", ""inputs"": [""E1"", ""C1""], ""constant"": null, ""rule_type"": ""sub_xy"", ""expression"": ""F1 = E1 - C1""}, {""output"": ""H1"", ""inputs"": [""E1"", ""G1""], ""constant"": 2, ""rule_type"": ""sum_mul_k"", ""expression"": ""H1 = (E1 + G1) * 2""}, {""output"": ""I1"", ""inputs"": [""F1"", ""H1""], ""constant"": null, ""rule_type"": ""add_xy"", ""expression"": ""I1 = F1 + H1""}, {""output"": ""K1"", ""inputs"": [""H1"", ""J1""], ""constant"": null, ""rule_type"": ""sub_xy"", ""expression"": ""K1 = H1 - J1""}, {""output"": ""L1"", ""inputs"": [""I1"", ""K1""], ""constant"": null, ""rule_type"": ""sub_xy"", ""expression"": ""L1 = I1 - K1""}, {""output"": ""N1"", ""inputs"": [""K1"", ""M1""], ""constant"": null, ""rule_type"": ""add_xy"", ""expression"": ""N1 = K1 + M1""}, {""output"": ""O1"", ""inputs"": [""L1"", ""N1""], ""constant"": null, ""rule_type"": ""add_xy"", ""expression"": ""O1 = L1 + N1""}, {""output"": ""Q1"", ""inputs"": [""N1"", ""P1""], ""constant"": null, ""rule_type"": ""add_xy"", ""expression"": ""Q1 = N1 + P1""}, {""output"": ""R1"", ""inputs"": [""O1"", ""Q1""], ""constant"": null, ""rule_type"": ""sub_xy"", ""expression"": ""R1 = O1 - Q1""}, {""output"": ""T1"", ""inputs"": [""O1"", ""S1""], ""constant"": null, ""rule_type"": ""add_xy"", ""expression"": ""T1 = O1 + S1""}, {""output"": ""U1"", ""inputs"": [""T1"", ""R1""], ""constant"": null, ""rule_type"": ""sub_xy"", ""expression"": ""U1 = T1 - R1""}, {""output"": ""W1"", ""inputs"": [""V1""], ""constant"": 2, ""rule_type"": ""add_k"", ""expression"": ""W1 = V1 + 2""}, {""output"": ""Y1"", ""inputs"": [""W1"", ""X1""], ""constant"": 3, ""rule_type"": ""sum_mul_k"", ""expression"": ""Y1 = (W1 + X1) * 3""}, {""output"": ""A2"", ""inputs"": [""Z1""], ""constant"": 4, ""rule_type"": ""mul_k"", ""expression"": ""A2 = Z1 * 4""}, {""output"": ""B2"", ""inputs"": [""A2""], ""constant"": 4, ""rule_type"": ""add_k"", ""expression"": ""B2 = A2 + 4""}, {""output"": ""C2"", ""inputs"": [""B2""], ""constant"": 3, ""rule_type"": ""add_k"", ""expression"": ""C2 = B2 + 3""}, {""output"": ""E2"", ""inputs"": [""D2""], ""constant"": 4, ""rule_type"": ""add_k"", ""expression"": ""E2 = D2 + 4""}, {""output"": ""G2"", ""inputs"": [""F2"", ""E2""], ""constant"": null, ""rule_type"": ""sub_xy"", ""expression"": ""G2 = F2 - E2""}, {""output"": ""H2"", ""inputs"": [""G2""], ""constant"": 5, ""rule_type"": ""add_k"", ""expression"": ""H2 = G2 + 5""}]}","[{""output"": ""C1"", ""inputs"": [""A1"", ""B1""], ""constant"": 3, ""rule_type"": ""sum_mul_k"", ""expression"": ""C1 = (A1 + B1) * 3""}, {""output"": ""E1"", ""inputs"": [""B1"", ""D1""], ""constant"": 3, ""rule_type"": ""sum_mul_k"", ""expression"": ""E1 = (B1 + D1) * 3""}, {""output"": ""F1"", ""inputs"": [""E1"", ""C1""], ""constant"": null, ""rule_type"": ""sub_xy"", ""expression"": ""F1 = E1 - C1""}, {""output"": ""H1"", ""inputs"": [""E1"", ""G1""], ""constant"": 2, ""rule_type"": ""sum_mul_k"", ""expression"": ""H1 = (E1 + G1) * 2""}, {""output"": ""I1"", ""inputs"": [""F1"", ""H1""], ""constant"": null, ""rule_type"": ""add_xy"", ""expression"": ""I1 = F1 + H1""}, {""output"": ""K1"", ""inputs"": [""H1"", ""J1""], ""constant"": null, ""rule_type"": ""sub_xy"", ""expression"": ""K1 = H1 - J1""}, {""output"": ""L1"", ""inputs"": [""I1"", ""K1""], ""constant"": null, ""rule_type"": ""sub_xy"", ""expression"": ""L1 = I1 - K1""}, {""output"": ""N1"", ""inputs"": [""K1"", ""M1""], ""constant"": null, ""rule_type"": ""add_xy"", ""expression"": ""N1 = K1 + M1""}, {""output"": ""O1"", ""inputs"": [""L1"", ""N1""], ""constant"": null, ""rule_type"": ""add_xy"", ""expression"": ""O1 = L1 + N1""}, {""output"": ""Q1"", ""inputs"": [""N1"", ""P1""], ""constant"": null, ""rule_type"": ""add_xy"", ""expression"": ""Q1 = N1 + P1""}, {""output"": ""R1"", ""inputs"": [""O1"", ""Q1""], ""constant"": null, ""rule_type"": ""sub_xy"", ""expression"": ""R1 = O1 - Q1""}, {""output"": ""T1"", ""inputs"": [""O1"", ""S1""], ""constant"": null, ""rule_type"": ""add_xy"", ""expression"": ""T1 = O1 + S1""}, {""output"": ""U1"", ""inputs"": [""T1"", ""R1""], ""constant"": null, ""rule_type"": ""sub_xy"", ""expression"": ""U1 = T1 - R1""}, {""output"": ""W1"", ""inputs"": [""V1""], ""constant"": 2, ""rule_type"": ""add_k"", ""expression"": ""W1 = V1 + 2""}, {""output"": ""Y1"", ""inputs"": [""W1"", ""X1""], ""constant"": 3, ""rule_type"": ""sum_mul_k"", ""expression"": ""Y1 = (W1 + X1) * 3""}, {""output"": ""A2"", ""inputs"": [""Z1""], ""constant"": 4, ""rule_type"": ""mul_k"", ""expression"": ""A2 = Z1 * 4""}, {""output"": ""B2"", ""inputs"": [""A2""], ""constant"": 4, ""rule_type"": ""add_k"", ""expression"": ""B2 = A2 + 4""}, {""output"": ""C2"", ""inputs"": [""B2""], ""constant"": 3, ""rule_type"": ""add_k"", ""expression"": ""C2 = B2 + 3""}, {""output"": ""E2"", ""inputs"": [""D2""], ""constant"": 4, ""rule_type"": ""add_k"", ""expression"": ""E2 = D2 + 4""}, {""output"": ""G2"", ""inputs"": [""F2"", ""E2""], ""constant"": null, ""rule_type"": ""sub_xy"", ""expression"": ""G2 = F2 - E2""}, {""output"": ""H2"", ""inputs"": [""G2""], ""constant"": 5, ""rule_type"": ""add_k"", ""expression"": ""H2 = G2 + 5""}]","{""A1"": 6, ""B1"": 35, ""C1"": 123, ""D1"": 7, ""E1"": 126, ""F1"": 3, ""G1"": 13, ""H1"": 278, ""I1"": 281, ""J1"": 36, ""K1"": 242, ""L1"": 39, ""M1"": 14, ""N1"": 256, ""O1"": 295, ""P1"": 11, ""Q1"": 267, ""R1"": 28, ""S1"": 19, ""T1"": 314, ""U1"": 286, ""V1"": 38, ""W1"": 40, ""X1"": 9, ""Y1"": 147, ""Z1"": 36, ""A2"": 144, ""B2"": 148, ""C2"": 151, ""D2"": 17, ""E2"": 21, ""F2"": 25, ""G2"": 4, ""H2"": 9, ""I2"": 38}",True,True,True,,35,23,7,8,8,4
1b0c033daf5d_k2_0,1b0c033daf5d,"A1 = 35
B1 = 11
B2 = 31
C2 = 11
D1 = 9
F2 = 15
G1 = 10
H2 = 7
J1 = 20
J2 = 7
K2 = 4
L2 = 39
M1 = 8
M2 = 37
N2 = 34
O2 = 37
P1 = 9
P2 = 35
Q2 = 7
R2 = 39
S2 = 36
T2 = 24
U1 = 3
V1 = 37
X1 = 24
Z1 = 28
C1 = (A1 + B1) * 3
E1 = (A1 + D1) * 2
F1 = C1 + E1
H1 = C1 - G1
I1 = F1 - H1
K1 = F1 - J1
L1 = I1 + K1
N1 = (I1 + M1) * 3
O1 = N1 - L1
Q1 = L1 + P1
R1 = Q1 - O1
S1 = O1 + 5
T1 = R1 - S1
W1 = V1 - U1
Y1 = (W1 + X1) * 2
A2 = Y1 - Z1
D2 = (B2 + C2) * 4
E2 = D2 - 11
G2 = E2 + F2
I2 = G2 - H2
What is T1?","Variables:
A1 = 35 [known_leaf]
A2 [derived_distractor]
B1 = 11 [known_leaf]
B2 = 31 [known_leaf_distractor]
C1 [derived]
C2 = 11 [known_leaf_distractor]
D1 = 9 [known_leaf]
D2 [derived_distractor]
E1 [derived]
E2 [derived_distractor]
F1 [derived]
F2 = 15 [known_leaf_distractor]
G1 = 10 [known_leaf]
G2 [derived_distractor]
H1 [derived]
H2 = 7 [known_leaf_distractor]
I1 [derived]
I2 [derived_distractor]
J1 = 20 [known_leaf]
J2 = 7 [known_leaf_distractor]
K1 [derived]
K2 = 4 [known_leaf_distractor]
L1 [derived]
L2 = 39 [known_leaf_distractor]
M1 = 8 [known_leaf]
M2 = 37 [known_leaf_distractor]
N1 [derived]
N2 = 34 [known_leaf_distractor]
O1 [derived]
O2 = 37 [known_leaf_distractor]
P1 = 9 [known_leaf]
P2 = 35 [known_leaf_distractor]
Q1 [derived]
Q2 = 7 [known_leaf_distractor]
R1 [derived]
R2 = 39 [known_leaf_distractor]
S1 [derived]
S2 = 36 [known_leaf_distractor]
T1 [goal]
T2 = 24 [known_leaf_distractor]
U1 = 3 [known_leaf_distractor]
V1 = 37 [known_leaf_distractor]
W1 [derived_distractor]
X1 = 24 [known_leaf_distractor]
Y1 [derived_distractor]
Z1 = 28 [known_leaf_distractor]

Equations:
C1 = (A1 + B1) * 3 [sum_mul_k]
E1 = (A1 + D1) * 2 [sum_mul_k]
F1 = C1 + E1 [add_xy]
H1 = C1 - G1 [sub_xy]
I1 = F1 - H1 [sub_xy]
K1 = F1 - J1 [sub_xy]
L1 = I1 + K1 [add_xy]
N1 = (I1 + M1) * 3 [sum_mul_k]
O1 = N1 - L1 [sub_xy]
Q1 = L1 + P1 [add_xy]
R1 = Q1 - O1 [sub_xy]
S1 = O1 + 5 [add_k]
T1 = R1 - S1 [sub_xy]
W1 = V1 - U1 [sub_xy]
Y1 = (W1 + X1) * 2 [sum_mul_k]
A2 = Y1 - Z1 [sub_xy]
D2 = (B2 + C2) * 4 [sum_mul_k]
E2 = D2 - 11 [sub_k]
G2 = E2 + F2 [add_xy]
I2 = G2 - H2 [sub_xy]

Goal:
T1 [goal]",280,"{""A1"": ""known_leaf"", ""B1"": ""known_leaf"", ""C1"": ""derived"", ""D1"": ""known_leaf"", ""E1"": ""derived"", ""F1"": ""derived"", ""G1"": ""known_leaf"", ""H1"": ""derived"", ""I1"": ""derived"", ""J1"": ""known_leaf"", ""K1"": ""derived"", ""L1"": ""derived"", ""M1"": ""known_leaf"", ""N1"": ""derived"", ""O1"": ""derived"", ""P1"": ""known_leaf"", ""Q1"": ""derived"", ""R1"": ""derived"", ""S1"": ""derived"", ""T1"": ""goal"", ""U1"": ""known_leaf_distractor"", ""V1"": ""known_leaf_distractor"", ""W1"": ""derived_distractor"", ""X1"": ""known_leaf_distractor"", ""Y1"": ""derived_distractor"", ""Z1"": ""known_leaf_distractor"", ""A2"": ""derived_distractor"", ""B2"": ""known_leaf_distractor"", ""C2"": ""known_leaf_distractor"", ""D2"": ""derived_distractor"", ""E2"": ""derived_distractor"", ""F2"": ""known_leaf_distractor"", ""G2"": ""derived_distractor"", ""H2"": ""known_leaf_distractor"", ""I2"": ""derived_distractor"", ""J2"": ""known_leaf_distractor"", ""K2"": ""known_leaf_distractor"", ""L2"": ""known_leaf_distractor"", ""M2"": ""known_leaf_distractor"", ""N2"": ""known_leaf_distractor"", ""O2"": ""known_leaf_distractor"", ""P2"": ""known_leaf_distractor"", ""Q2"": ""known_leaf_distractor"", ""R2"": ""known_leaf_distractor"", ""S2"": ""known_leaf_distractor"", ""T2"": ""known_leaf_distractor""}","{""C1 = (A1 + B1) * 3"": ""sum_mul_k"", ""E1 = (A1 + D1) * 2"": ""sum_mul_k"", ""F1 = C1 + E1"": ""add_xy"", ""H1 = C1 - G1"": ""sub_xy"", ""I1 = F1 - H1"": ""sub_xy"", ""K1 = F1 - J1"": ""sub_xy"", ""L1 = I1 + K1"": ""add_xy"", ""N1 = (I1 + M1) * 3"": ""sum_mul_k"", ""O1 = N1 - L1"": ""sub_xy"", ""Q1 = L1 + P1"": ""add_xy"", ""R1 = Q1 - O1"": ""sub_xy"", ""S1 = O1 + 5"": ""add_k"", ""T1 = R1 - S1"": ""sub_xy"", ""W1 = V1 - U1"": ""sub_xy"", ""Y1 = (W1 + X1) * 2"": ""sum_mul_k"", ""A2 = Y1 - Z1"": ""sub_xy"", ""D2 = (B2 + C2) * 4"": ""sum_mul_k"", ""E2 = D2 - 11"": ""sub_k"", ""G2 = E2 + F2"": ""add_xy"", ""I2 = G2 - H2"": ""sub_xy""}",7,"A1 = 35
A2 = 88
B1 = 11
B2 = 31
C1 = 138
C2 = 11
D1 = 9
D2 = 168
E1 = 88
E2 = 157
F1 = 226
F2 = 15
G1 = 10
G2 = 172
H1 = 128
H2 = 7
I1 = 98
I2 = 165
J1 = 20
J2 = 7
K1 = 206
K2 = 4
L1 = 304
L2 = 39
M1 = 8
M2 = 37
N1 = 318
N2 = 34
O1 = 14
O2 = 37
P1 = 9
P2 = 35
Q1 = 313
Q2 = 7
R1 = 299
R2 = 39
S1 = 19
S2 = 36
T1 = 280
T2 = 24
U1 = 3
V1 = 37
W1 = 34
X1 = 24
Y1 = 116
Z1 = 28","[""B1"", ""P1""]","Variables:
A1 = 35
A2
B1
B2 = 31
C1
C2 = 11
D1 = 9
D2
E1
E2
F1
F2 = 15
G1 = 10
G2
H1
H2 = 7
I1
I2
J1 = 20
J2 = 7
K1
K2 = 4
L1
L2 = 39
M1 = 8
M2 = 37
N1
N2 = 34
O1
O2 = 37
P1
P2 = 35
Q1
Q2 = 7
R1
R2 = 39
S1
S2 = 36
T1
T2 = 24
U1 = 3
V1 = 37
W1
X1 = 24
Y1
Z1 = 28

Equations:
C1 = (A1 + B1) * 3
E1 = (A1 + D1) * 2
F1 = C1 + E1
H1 = C1 - G1
I1 = F1 - H1
K1 = F1 - J1
L1 = I1 + K1
N1 = (I1 + M1) * 3
O1 = N1 - L1
Q1 = L1 + P1
R1 = Q1 - O1
S1 = O1 + 5
T1 = R1 - S1
W1 = V1 - U1
Y1 = (W1 + X1) * 2
A2 = Y1 - Z1
D2 = (B2 + C2) * 4
E2 = D2 - 11
G2 = E2 + F2
I2 = G2 - H2

Goal:
T1","[""A1"", ""B1"", ""D1"", ""G1"", ""J1"", ""M1"", ""P1"", ""U1"", ""V1"", ""X1"", ""Z1"", ""B2"", ""C2"", ""F2"", ""H2"", ""J2"", ""K2"", ""L2"", ""M2"", ""N2"", ""O2"", ""P2"", ""Q2"", ""R2"", ""S2"", ""T2""]","[""A1"", ""D1"", ""G1"", ""J1"", ""M1"", ""U1"", ""V1"", ""X1"", ""Z1"", ""B2"", ""C2"", ""F2"", ""H2"", ""J2"", ""K2"", ""L2"", ""M2"", ""N2"", ""O2"", ""P2"", ""Q2"", ""R2"", ""S2"", ""T2""]",2,7.0,T1,"[""A1"", ""B1"", ""D1"", ""G1"", ""J1"", ""M1"", ""P1"", ""U1"", ""V1"", ""X1"", ""Z1"", ""B2"", ""C2"", ""F2"", ""H2"", ""J2"", ""K2"", ""L2"", ""M2"", ""N2"", ""O2"", ""P2"", ""Q2"", ""R2"", ""S2"", ""T2""]","[""A1"", ""B1"", ""D1"", ""G1"", ""J1"", ""M1"", ""P1""]","[""A1"", ""B1"", ""C1"", ""D1"", ""E1"", ""F1"", ""G1"", ""H1"", ""I1"", ""J1"", ""K1"", ""L1"", ""M1"", ""N1"", ""O1"", ""P1"", ""Q1"", ""R1"", ""S1""]","[""U1"", ""V1"", ""W1"", ""X1"", ""Y1"", ""Z1"", ""A2"", ""B2"", ""C2"", ""D2"", ""E2"", ""F2"", ""G2"", ""H2"", ""I2"", ""J2"", ""K2"", ""L2"", ""M2"", ""N2"", ""O2"", ""P2"", ""Q2"", ""R2"", ""S2"", ""T2""]",7,5.0,46,20,280,"[""A1"", ""B1"", ""C1"", ""D1"", ""E1"", ""F1"", ""G1"", ""H1"", ""I1"", ""J1"", ""K1"", ""L1"", ""M1"", ""N1"", ""O1"", ""P1"", ""Q1"", ""R1"", ""S1"", ""T1"", ""U1"", ""V1"", ""W1"", ""X1"", ""Y1"", ""Z1"", ""A2"", ""B2"", ""C2"", ""D2"", ""E2"", ""F2"", ""G2"", ""H2"", ""I2"", ""J2"", ""K2"", ""L2"", ""M2"", ""N2"", ""O2"", ""P2"", ""Q2"", ""R2"", ""S2"", ""T2""]","{""nodes"": [{""id"": ""A1"", ""depth"": 0, ""value"": 35, ""is_leaf"": true, ""is_goal"": false}, {""id"": ""B1"", ""depth"": 0, ""value"": 11, ""is_leaf"": true, ""is_goal"": false}, {""id"": ""C1"", ""depth"": 1, ""value"": 138, ""is_leaf"": false, ""is_goal"": false}, {""id"": ""D1"", ""depth"": 0, ""value"": 9, ""is_leaf"": true, ""is_goal"": false}, {""id"": ""E1"", ""depth"": 1, ""value"": 88, ""is_leaf"": false, ""is_goal"": false}, {""id"": ""F1"", ""depth"": 2, ""value"": 226, ""is_leaf"": false, ""is_goal"": false}, {""id"": ""G1"", ""depth"": 0, ""value"": 10, ""is_leaf"": true, ""is_goal"": false}, {""id"": ""H1"", ""depth"": 2, ""value"": 128, ""is_leaf"": false, ""is_goal"": false}, {""id"": ""I1"", ""depth"": 3, ""value"": 98, ""is_leaf"": false, ""is_goal"": false}, {""id"": ""J1"", ""depth"": 0, ""value"": 20, ""is_leaf"": true, ""is_goal"": false}, {""id"": ""K1"", ""depth"": 3, ""value"": 206, ""is_leaf"": false, ""is_goal"": false}, {""id"": ""L1"", ""depth"": 4, ""value"": 304, ""is_leaf"": false, ""is_goal"": false}, {""id"": ""M1"", ""depth"": 0, ""value"": 8, ""is_leaf"": true, ""is_goal"": false}, {""id"": ""N1"", ""depth"": 4, ""value"": 318, ""is_leaf"": false, ""is_goal"": false}, {""id"": ""O1"", ""depth"": 5, ""value"": 14, ""is_leaf"": false, ""is_goal"": false}, {""id"": ""P1"", ""depth"": 0, ""value"": 9, ""is_leaf"": true, ""is_goal"": false}, {""id"": ""Q1"", ""depth"": 5, ""value"": 313, ""is_leaf"": false, ""is_goal"": false}, {""id"": ""R1"", ""depth"": 6, ""value"": 299, ""is_leaf"": false, ""is_goal"": false}, {""id"": ""S1"", ""depth"": 6, ""value"": 19, ""is_leaf"": false, ""is_goal"": false}, {""id"": ""T1"", ""depth"": 7, ""value"": 280, ""is_leaf"": false, ""is_goal"": true}, {""id"": ""U1"", ""depth"": 0, ""value"": 3, ""is_leaf"": true, ""is_goal"": false}, {""id"": ""V1"", ""depth"": 0, ""value"": 37, ""is_leaf"": true, ""is_goal"": false}, {""id"": ""W1"", ""depth"": 1, ""value"": 34, ""is_leaf"": false, ""is_goal"": false}, {""id"": ""X1"", ""depth"": 0, ""value"": 24, ""is_leaf"": true, ""is_goal"": false}, {""id"": ""Y1"", ""depth"": 2, ""value"": 116, ""is_leaf"": false, ""is_goal"": false}, {""id"": ""Z1"", ""depth"": 0, ""value"": 28, ""is_leaf"": true, ""is_goal"": false}, {""id"": ""A2"", ""depth"": 3, ""value"": 88, ""is_leaf"": false, ""is_goal"": false}, {""id"": ""B2"", ""depth"": 0, ""value"": 31, ""is_leaf"": true, ""is_goal"": false}, {""id"": ""C2"", ""depth"": 0, ""value"": 11, ""is_leaf"": true, ""is_goal"": false}, {""id"": ""D2"", ""depth"": 1, ""value"": 168, ""is_leaf"": false, ""is_goal"": false}, {""id"": ""E2"", ""depth"": 2, ""value"": 157, ""is_leaf"": false, ""is_goal"": false}, {""id"": ""F2"", ""depth"": 0, ""value"": 15, ""is_leaf"": true, ""is_goal"": false}, {""id"": ""G2"", ""depth"": 3, ""value"": 172, ""is_leaf"": false, ""is_goal"": false}, {""id"": ""H2"", ""depth"": 0, ""value"": 7, ""is_leaf"": true, ""is_goal"": false}, {""id"": ""I2"", ""depth"": 4, ""value"": 165, ""is_leaf"": false, ""is_goal"": false}, {""id"": ""J2"", ""depth"": 0, ""value"": 7, ""is_leaf"": true, ""is_goal"": false}, {""id"": ""K2"", ""depth"": 0, ""value"": 4, ""is_leaf"": true, ""is_goal"": false}, {""id"": ""L2"", ""depth"": 0, ""value"": 39, ""is_leaf"": true, ""is_goal"": false}, {""id"": ""M2"", ""depth"": 0, ""value"": 37, ""is_leaf"": true, ""is_goal"": false}, {""id"": ""N2"", ""depth"": 0, ""value"": 34, ""is_leaf"": true, ""is_goal"": false}, {""id"": ""O2"", ""depth"": 0, ""value"": 37, ""is_leaf"": true, ""is_goal"": false}, {""id"": ""P2"", ""depth"": 0, ""value"": 35, ""is_leaf"": true, ""is_goal"": false}, {""id"": ""Q2"", ""depth"": 0, ""value"": 7, ""is_leaf"": true, ""is_goal"": false}, {""id"": ""R2"", ""depth"": 0, ""value"": 39, ""is_leaf"": true, ""is_goal"": false}, {""id"": ""S2"", ""depth"": 0, ""value"": 36, ""is_leaf"": true, ""is_goal"": false}, {""id"": ""T2"", ""depth"": 0, ""value"": 24, ""is_leaf"": true, ""is_goal"": false}], ""edges"": [{""source"": ""A1"", ""target"": ""C1""}, {""source"": ""A1"", ""target"": ""E1""}, {""source"": ""B1"", ""target"": ""C1""}, {""source"": ""C1"", ""target"": ""F1""}, {""source"": ""C1"", ""target"": ""H1""}, {""source"": ""D1"", ""target"": ""E1""}, {""source"": ""E1"", ""target"": ""F1""}, {""source"": ""F1"", ""target"": ""I1""}, {""source"": ""F1"", ""target"": ""K1""}, {""source"": ""G1"", ""target"": ""H1""}, {""source"": ""H1"", ""target"": ""I1""}, {""source"": ""I1"", ""target"": ""L1""}, {""source"": ""I1"", ""target"": ""N1""}, {""source"": ""J1"", ""target"": ""K1""}, {""source"": ""K1"", ""target"": ""L1""}, {""source"": ""L1"", ""target"": ""O1""}, {""source"": ""L1"", ""target"": ""Q1""}, {""source"": ""M1"", ""target"": ""N1""}, {""source"": ""N1"", ""target"": ""O1""}, {""source"": ""O1"", ""target"": ""R1""}, {""source"": ""O1"", ""target"": ""S1""}, {""source"": ""P1"", ""target"": ""Q1""}, {""source"": ""Q1"", ""target"": ""R1""}, {""source"": ""R1"", ""target"": ""T1""}, {""source"": ""S1"", ""target"": ""T1""}, {""source"": ""U1"", ""target"": ""W1""}, {""source"": ""V1"", ""target"": ""W1""}, {""source"": ""W1"", ""target"": ""Y1""}, {""source"": ""X1"", ""target"": ""Y1""}, {""source"": ""Y1"", ""target"": ""A2""}, {""source"": ""Z1"", ""target"": ""A2""}, {""source"": ""B2"", ""target"": ""D2""}, {""source"": ""C2"", ""target"": ""D2""}, {""source"": ""D2"", ""target"": ""E2""}, {""source"": ""E2"", ""target"": ""G2""}, {""source"": ""F2"", ""target"": ""G2""}, {""source"": ""G2"", ""target"": ""I2""}, {""source"": ""H2"", ""target"": ""I2""}], ""rules"": [{""output"": ""C1"", ""inputs"": [""A1"", ""B1""], ""constant"": 3, ""rule_type"": ""sum_mul_k"", ""expression"": ""C1 = (A1 + B1) * 3""}, {""output"": ""E1"", ""inputs"": [""A1"", ""D1""], ""constant"": 2, ""rule_type"": ""sum_mul_k"", ""expression"": ""E1 = (A1 + D1) * 2""}, {""output"": ""F1"", ""inputs"": [""C1"", ""E1""], ""constant"": null, ""rule_type"": ""add_xy"", ""expression"": ""F1 = C1 + E1""}, {""output"": ""H1"", ""inputs"": [""C1"", ""G1""], ""constant"": null, ""rule_type"": ""sub_xy"", ""expression"": ""H1 = C1 - G1""}, {""output"": ""I1"", ""inputs"": [""F1"", ""H1""], ""constant"": null, ""rule_type"": ""sub_xy"", ""expression"": ""I1 = F1 - H1""}, {""output"": ""K1"", ""inputs"": [""F1"", ""J1""], ""constant"": null, ""rule_type"": ""sub_xy"", ""expression"": ""K1 = F1 - J1""}, {""output"": ""L1"", ""inputs"": [""I1"", ""K1""], ""constant"": null, ""rule_type"": ""add_xy"", ""expression"": ""L1 = I1 + K1""}, {""output"": ""N1"", ""inputs"": [""I1"", ""M1""], ""constant"": 3, ""rule_type"": ""sum_mul_k"", ""expression"": ""N1 = (I1 + M1) * 3""}, {""output"": ""O1"", ""inputs"": [""N1"", ""L1""], ""constant"": null, ""rule_type"": ""sub_xy"", ""expression"": ""O1 = N1 - L1""}, {""output"": ""Q1"", ""inputs"": [""L1"", ""P1""], ""constant"": null, ""rule_type"": ""add_xy"", ""expression"": ""Q1 = L1 + P1""}, {""output"": ""R1"", ""inputs"": [""Q1"", ""O1""], ""constant"": null, ""rule_type"": ""sub_xy"", ""expression"": ""R1 = Q1 - O1""}, {""output"": ""S1"", ""inputs"": [""O1""], ""constant"": 5, ""rule_type"": ""add_k"", ""expression"": ""S1 = O1 + 5""}, {""output"": ""T1"", ""inputs"": [""R1"", ""S1""], ""constant"": null, ""rule_type"": ""sub_xy"", ""expression"": ""T1 = R1 - S1""}, {""output"": ""W1"", ""inputs"": [""V1"", ""U1""], ""constant"": null, ""rule_type"": ""sub_xy"", ""expression"": ""W1 = V1 - U1""}, {""output"": ""Y1"", ""inputs"": [""W1"", ""X1""], ""constant"": 2, ""rule_type"": ""sum_mul_k"", ""expression"": ""Y1 = (W1 + X1) * 2""}, {""output"": ""A2"", ""inputs"": [""Y1"", ""Z1""], ""constant"": null, ""rule_type"": ""sub_xy"", ""expression"": ""A2 = Y1 - Z1""}, {""output"": ""D2"", ""inputs"": [""B2"", ""C2""], ""constant"": 4, ""rule_type"": ""sum_mul_k"", ""expression"": ""D2 = (B2 + C2) * 4""}, {""output"": ""E2"", ""inputs"": [""D2""], ""constant"": 11, ""rule_type"": ""sub_k"", ""expression"": ""E2 = D2 - 11""}, {""output"": ""G2"", ""inputs"": [""E2"", ""F2""], ""constant"": null, ""rule_type"": ""add_xy"", ""expression"": ""G2 = E2 + F2""}, {""output"": ""I2"", ""inputs"": [""G2"", ""H2""], ""constant"": null, ""rule_type"": ""sub_xy"", ""expression"": ""I2 = G2 - H2""}]}","[{""output"": ""C1"", ""inputs"": [""A1"", ""B1""], ""constant"": 3, ""rule_type"": ""sum_mul_k"", ""expression"": ""C1 = (A1 + B1) * 3""}, {""output"": ""E1"", ""inputs"": [""A1"", ""D1""], ""constant"": 2, ""rule_type"": ""sum_mul_k"", ""expression"": ""E1 = (A1 + D1) * 2""}, {""output"": ""F1"", ""inputs"": [""C1"", ""E1""], ""constant"": null, ""rule_type"": ""add_xy"", ""expression"": ""F1 = C1 + E1""}, {""output"": ""H1"", ""inputs"": [""C1"", ""G1""], ""constant"": null, ""rule_type"": ""sub_xy"", ""expression"": ""H1 = C1 - G1""}, {""output"": ""I1"", ""inputs"": [""F1"", ""H1""], ""constant"": null, ""rule_type"": ""sub_xy"", ""expression"": ""I1 = F1 - H1""}, {""output"": ""K1"", ""inputs"": [""F1"", ""J1""], ""constant"": null, ""rule_type"": ""sub_xy"", ""expression"": ""K1 = F1 - J1""}, {""output"": ""L1"", ""inputs"": [""I1"", ""K1""], ""constant"": null, ""rule_type"": ""add_xy"", ""expression"": ""L1 = I1 + K1""}, {""output"": ""N1"", ""inputs"": [""I1"", ""M1""], ""constant"": 3, ""rule_type"": ""sum_mul_k"", ""expression"": ""N1 = (I1 + M1) * 3""}, {""output"": ""O1"", ""inputs"": [""N1"", ""L1""], ""constant"": null, ""rule_type"": ""sub_xy"", ""expression"": ""O1 = N1 - L1""}, {""output"": ""Q1"", ""inputs"": [""L1"", ""P1""], ""constant"": null, ""rule_type"": ""add_xy"", ""expression"": ""Q1 = L1 + P1""}, {""output"": ""R1"", ""inputs"": [""Q1"", ""O1""], ""constant"": null, ""rule_type"": ""sub_xy"", ""expression"": ""R1 = Q1 - O1""}, {""output"": ""S1"", ""inputs"": [""O1""], ""constant"": 5, ""rule_type"": ""add_k"", ""expression"": ""S1 = O1 + 5""}, {""output"": ""T1"", ""inputs"": [""R1"", ""S1""], ""constant"": null, ""rule_type"": ""sub_xy"", ""expression"": ""T1 = R1 - S1""}, {""output"": ""W1"", ""inputs"": [""V1"", ""U1""], ""constant"": null, ""rule_type"": ""sub_xy"", ""expression"": ""W1 = V1 - U1""}, {""output"": ""Y1"", ""inputs"": [""W1"", ""X1""], ""constant"": 2, ""rule_type"": ""sum_mul_k"", ""expression"": ""Y1 = (W1 + X1) * 2""}, {""output"": ""A2"", ""inputs"": [""Y1"", ""Z1""], ""constant"": null, ""rule_type"": ""sub_xy"", ""expression"": ""A2 = Y1 - Z1""}, {""output"": ""D2"", ""inputs"": [""B2"", ""C2""], ""constant"": 4, ""rule_type"": ""sum_mul_k"", ""expression"": ""D2 = (B2 + C2) * 4""}, {""output"": ""E2"", ""inputs"": [""D2""], ""constant"": 11, ""rule_type"": ""sub_k"", ""expression"": ""E2 = D2 - 11""}, {""output"": ""G2"", ""inputs"": [""E2"", ""F2""], ""constant"": null, ""rule_type"": ""add_xy"", ""expression"": ""G2 = E2 + F2""}, {""output"": ""I2"", ""inputs"": [""G2"", ""H2""], ""constant"": null, ""rule_type"": ""sub_xy"", ""expression"": ""I2 = G2 - H2""}]","{""A1"": 35, ""B1"": 11, ""C1"": 138, ""D1"": 9, ""E1"": 88, ""F1"": 226, ""G1"": 10, ""H1"": 128, ""I1"": 98, ""J1"": 20, ""K1"": 206, ""L1"": 304, ""M1"": 8, ""N1"": 318, ""O1"": 14, ""P1"": 9, ""Q1"": 313, ""R1"": 299, ""S1"": 19, ""T1"": 280, ""U1"": 3, ""V1"": 37, ""W1"": 34, ""X1"": 24, ""Y1"": 116, ""Z1"": 28, ""A2"": 88, ""B2"": 31, ""C2"": 11, ""D2"": 168, ""E2"": 157, ""F2"": 15, ""G2"": 172, ""H2"": 7, ""I2"": 165, ""J2"": 7, ""K2"": 4, ""L2"": 39, ""M2"": 37, ""N2"": 34, ""O2"": 37, ""P2"": 35, ""Q2"": 7, ""R2"": 39, ""S2"": 36, ""T2"": 24}",True,True,True,,46,20,7,7,7,2
3ce5102e7572_k1_0,3ce5102e7572,"A1 = 25
B1 = 30
B2 = 33
D1 = 37
F2 = 32
G1 = 34
G2 = 25
I2 = 39
J1 = 28
K2 = 38
M1 = 4
M2 = 40
O2 = 12
P1 = 37
R2 = 5
S1 = 16
T2 = 11
U1 = 26
U2 = 21
W1 = 33
W2 = 5
X2 = 35
Z1 = 14
C1 = (A1 + B1) * 2
E1 = (A1 + D1) * 4
F1 = E1 - C1
H1 = E1 + G1
I1 = H1 - F1
K1 = H1 - J1
L1 = K1 - I1
N1 = (I1 + M1) * 2
O1 = N1 - L1
Q1 = L1 + P1
R1 = O1 - Q1
T1 = S1 - 8
V1 = U1 - T1
X1 = (V1 + W1) * 4
Y1 = X1 - 5
A2 = Z1 + 6
C2 = B2 - A2
D2 = C2 - 11
E2 = D2 + 11
H2 = (F2 + G2) * 3
J2 = H2 + I2
L2 = J2 - K2
N2 = M2 - 4
P2 = (N2 + O2) * 3
Q2 = P2 - 9
S2 = Q2 + R2
V2 = T2 + U2
What is R1?","Variables:
A1 = 25 [known_leaf]
A2 [derived_distractor]
B1 = 30 [known_leaf]
B2 = 33 [known_leaf_distractor]
C1 [derived]
C2 [derived_distractor]
D1 = 37 [known_leaf]
D2 [derived_distractor]
E1 [derived]
E2 [derived_distractor]
F1 [derived]
F2 = 32 [known_leaf_distractor]
G1 = 34 [known_leaf]
G2 = 25 [known_leaf_distractor]
H1 [derived]
H2 [derived_distractor]
I1 [derived]
I2 = 39 [known_leaf_distractor]
J1 = 28 [known_leaf]
J2 [derived_distractor]
K1 [derived]
K2 = 38 [known_leaf_distractor]
L1 [derived]
L2 [derived_distractor]
M1 = 4 [known_leaf]
M2 = 40 [known_leaf_distractor]
N1 [derived]
N2 [derived_distractor]
O1 [derived]
O2 = 12 [known_leaf_distractor]
P1 = 37 [known_leaf]
P2 [derived_distractor]
Q1 [derived]
Q2 [derived_distractor]
R1 [goal]
R2 = 5 [known_leaf_distractor]
S1 = 16 [known_leaf_distractor]
S2 [derived_distractor]
T1 [derived_distractor]
T2 = 11 [known_leaf_distractor]
U1 = 26 [known_leaf_distractor]
U2 = 21 [known_leaf_distractor]
V1 [derived_distractor]
V2 [derived_distractor]
W1 = 33 [known_leaf_distractor]
W2 = 5 [known_leaf_distractor]
X1 [derived_distractor]
X2 = 35 [known_leaf_distractor]
Y1 [derived_distractor]
Z1 = 14 [known_leaf_distractor]

Equations:
C1 = (A1 + B1) * 2 [sum_mul_k]
E1 = (A1 + D1) * 4 [sum_mul_k]
F1 = E1 - C1 [sub_xy]
H1 = E1 + G1 [add_xy]
I1 = H1 - F1 [sub_xy]
K1 = H1 - J1 [sub_xy]
L1 = K1 - I1 [sub_xy]
N1 = (I1 + M1) * 2 [sum_mul_k]
O1 = N1 - L1 [sub_xy]
Q1 = L1 + P1 [add_xy]
R1 = O1 - Q1 [sub_xy]
T1 = S1 - 8 [sub_k]
V1 = U1 - T1 [sub_xy]
X1 = (V1 + W1) * 4 [sum_mul_k]
Y1 = X1 - 5 [sub_k]
A2 = Z1 + 6 [add_k]
C2 = B2 - A2 [sub_xy]
D2 = C2 - 11 [sub_k]
E2 = D2 + 11 [add_k]
H2 = (F2 + G2) * 3 [sum_mul_k]
J2 = H2 + I2 [add_xy]
L2 = J2 - K2 [sub_xy]
N2 = M2 - 4 [sub_k]
P2 = (N2 + O2) * 3 [sum_mul_k]
Q2 = P2 - 9 [sub_k]
S2 = Q2 + R2 [add_xy]
V2 = T2 + U2 [add_xy]

Goal:
R1 [goal]",39,"{""A1"": ""known_leaf"", ""B1"": ""known_leaf"", ""C1"": ""derived"", ""D1"": ""known_leaf"", ""E1"": ""derived"", ""F1"": ""derived"", ""G1"": ""known_leaf"", ""H1"": ""derived"", ""I1"": ""derived"", ""J1"": ""known_leaf"", ""K1"": ""derived"", ""L1"": ""derived"", ""M1"": ""known_leaf"", ""N1"": ""derived"", ""O1"": ""derived"", ""P1"": ""known_leaf"", ""Q1"": ""derived"", ""R1"": ""goal"", ""S1"": ""known_leaf_distractor"", ""T1"": ""derived_distractor"", ""U1"": ""known_leaf_distractor"", ""V1"": ""derived_distractor"", ""W1"": ""known_leaf_distractor"", ""X1"": ""derived_distractor"", ""Y1"": ""derived_distractor"", ""Z1"": ""known_leaf_distractor"", ""A2"": ""derived_distractor"", ""B2"": ""known_leaf_distractor"", ""C2"": ""derived_distractor"", ""D2"": ""derived_distractor"", ""E2"": ""derived_distractor"", ""F2"": ""known_leaf_distractor"", ""G2"": ""known_leaf_distractor"", ""H2"": ""derived_distractor"", ""I2"": ""known_leaf_distractor"", ""J2"": ""derived_distractor"", ""K2"": ""known_leaf_distractor"", ""L2"": ""derived_distractor"", ""M2"": ""known_leaf_distractor"", ""N2"": ""derived_distractor"", ""O2"": ""known_leaf_distractor"", ""P2"": ""derived_distractor"", ""Q2"": ""derived_distractor"", ""R2"": ""known_leaf_distractor"", ""S2"": ""derived_distractor"", ""T2"": ""known_leaf_distractor"", ""U2"": ""known_leaf_distractor"", ""V2"": ""derived_distractor"", ""W2"": ""known_leaf_distractor"", ""X2"": ""known_leaf_distractor""}","{""C1 = (A1 + B1) * 2"": ""sum_mul_k"", ""E1 = (A1 + D1) * 4"": ""sum_mul_k"", ""F1 = E1 - C1"": ""sub_xy"", ""H1 = E1 + G1"": ""add_xy"", ""I1 = H1 - F1"": ""sub_xy"", ""K1 = H1 - J1"": ""sub_xy"", ""L1 = K1 - I1"": ""sub_xy"", ""N1 = (I1 + M1) * 2"": ""sum_mul_k"", ""O1 = N1 - L1"": ""sub_xy"", ""Q1 = L1 + P1"": ""add_xy"", ""R1 = O1 - Q1"": ""sub_xy"", ""T1 = S1 - 8"": ""sub_k"", ""V1 = U1 - T1"": ""sub_xy"", ""X1 = (V1 + W1) * 4"": ""sum_mul_k"", ""Y1 = X1 - 5"": ""sub_k"", ""A2 = Z1 + 6"": ""add_k"", ""C2 = B2 - A2"": ""sub_xy"", ""D2 = C2 - 11"": ""sub_k"", ""E2 = D2 + 11"": ""add_k"", ""H2 = (F2 + G2) * 3"": ""sum_mul_k"", ""J2 = H2 + I2"": ""add_xy"", ""L2 = J2 - K2"": ""sub_xy"", ""N2 = M2 - 4"": ""sub_k"", ""P2 = (N2 + O2) * 3"": ""sum_mul_k"", ""Q2 = P2 - 9"": ""sub_k"", ""S2 = Q2 + R2"": ""add_xy"", ""V2 = T2 + U2"": ""add_xy""}",6,"A1 = 25
A2 = 20
B1 = 30
B2 = 33
C1 = 110
C2 = 13
D1 = 37
D2 = 2
E1 = 248
E2 = 13
F1 = 138
F2 = 32
G1 = 34
G2 = 25
H1 = 282
H2 = 171
I1 = 144
I2 = 39
J1 = 28
J2 = 210
K1 = 254
K2 = 38
L1 = 110
L2 = 172
M1 = 4
M2 = 40
N1 = 296
N2 = 36
O1 = 186
O2 = 12
P1 = 37
P2 = 144
Q1 = 147
Q2 = 135
R1 = 39
R2 = 5
S1 = 16
S2 = 140
T1 = 8
T2 = 11
U1 = 26
U2 = 21
V1 = 18
V2 = 32
W1 = 33
W2 = 5
X1 = 204
X2 = 35
Y1 = 199
Z1 = 14","[""D1""]","Variables:
A1 = 25
A2
B1 = 30
B2 = 33
C1
C2
D1
D2
E1
E2
F1
F2 = 32
G1 = 34
G2 = 25
H1
H2
I1
I2 = 39
J1 = 28
J2
K1
K2 = 38
L1
L2
M1 = 4
M2 = 40
N1
N2
O1
O2 = 12
P1 = 37
P2
Q1
Q2
R1
R2 = 5
S1 = 16
S2
T1
T2 = 11
U1 = 26
U2 = 21
V1
V2
W1 = 33
W2 = 5
X1
X2 = 35
Y1
Z1 = 14

Equations:
C1 = (A1 + B1) * 2
E1 = (A1 + D1) * 4
F1 = E1 - C1
H1 = E1 + G1
I1 = H1 - F1
K1 = H1 - J1
L1 = K1 - I1
N1 = (I1 + M1) * 2
O1 = N1 - L1
Q1 = L1 + P1
R1 = O1 - Q1
T1 = S1 - 8
V1 = U1 - T1
X1 = (V1 + W1) * 4
Y1 = X1 - 5
A2 = Z1 + 6
C2 = B2 - A2
D2 = C2 - 11
E2 = D2 + 11
H2 = (F2 + G2) * 3
J2 = H2 + I2
L2 = J2 - K2
N2 = M2 - 4
P2 = (N2 + O2) * 3
Q2 = P2 - 9
S2 = Q2 + R2
V2 = T2 + U2

Goal:
R1","[""A1"", ""B1"", ""D1"", ""G1"", ""J1"", ""M1"", ""P1"", ""S1"", ""U1"", ""W1"", ""Z1"", ""B2"", ""F2"", ""G2"", ""I2"", ""K2"", ""M2"", ""O2"", ""R2"", ""T2"", ""U2"", ""W2"", ""X2""]","[""A1"", ""B1"", ""G1"", ""J1"", ""M1"", ""P1"", ""S1"", ""U1"", ""W1"", ""Z1"", ""B2"", ""F2"", ""G2"", ""I2"", ""K2"", ""M2"", ""O2"", ""R2"", ""T2"", ""U2"", ""W2"", ""X2""]",1,6.0,R1,"[""A1"", ""B1"", ""D1"", ""G1"", ""J1"", ""M1"", ""P1"", ""S1"", ""U1"", ""W1"", ""Z1"", ""B2"", ""F2"", ""G2"", ""I2"", ""K2"", ""M2"", ""O2"", ""R2"", ""T2"", ""U2"", ""W2"", ""X2""]","[""A1"", ""B1"", ""D1"", ""G1"", ""J1"", ""M1"", ""P1""]","[""A1"", ""B1"", ""C1"", ""D1"", ""E1"", ""F1"", ""G1"", ""H1"", ""I1"", ""J1"", ""K1"", ""L1"", ""M1"", ""N1"", ""O1"", ""P1"", ""Q1""]","[""S1"", ""T1"", ""U1"", ""V1"", ""W1"", ""X1"", ""Y1"", ""Z1"", ""A2"", ""B2"", ""C2"", ""D2"", ""E2"", ""F2"", ""G2"", ""H2"", ""I2"", ""J2"", ""K2"", ""L2"", ""M2"", ""N2"", ""O2"", ""P2"", ""Q2"", ""R2"", ""S2"", ""T2"", ""U2"", ""V2"", ""W2"", ""X2""]",6,6.0,50,27,39,"[""A1"", ""B1"", ""C1"", ""D1"", ""E1"", ""F1"", ""G1"", ""H1"", ""I1"", ""J1"", ""K1"", ""L1"", ""M1"", ""N1"", ""O1"", ""P1"", ""Q1"", ""R1"", ""S1"", ""T1"", ""U1"", ""V1"", ""W1"", ""X1"", ""Y1"", ""Z1"", ""A2"", ""B2"", ""C2"", ""D2"", ""E2"", ""F2"", ""G2"", ""H2"", ""I2"", ""J2"", ""K2"", ""L2"", ""M2"", ""N2"", ""O2"", ""P2"", ""Q2"", ""R2"", ""S2"", ""T2"", ""U2"", ""V2"", ""W2"", ""X2""]","{""nodes"": [{""id"": ""A1"", ""depth"": 0, ""value"": 25, ""is_leaf"": true, ""is_goal"": false}, {""id"": ""B1"", ""depth"": 0, ""value"": 30, ""is_leaf"": true, ""is_goal"": false}, {""id"": ""C1"", ""depth"": 1, ""value"": 110, ""is_leaf"": false, ""is_goal"": false}, {""id"": ""D1"", ""depth"": 0, ""value"": 37, ""is_leaf"": true, ""is_goal"": false}, {""id"": ""E1"", ""depth"": 1, ""value"": 248, ""is_leaf"": false, ""is_goal"": false}, {""id"": ""F1"", ""depth"": 2, ""value"": 138, ""is_leaf"": false, ""is_goal"": false}, {""id"": ""G1"", ""depth"": 0, ""value"": 34, ""is_leaf"": true, ""is_goal"": false}, {""id"": ""H1"", ""depth"": 2, ""value"": 282, ""is_leaf"": false, ""is_goal"": false}, {""id"": ""I1"", ""depth"": 3, ""value"": 144, ""is_leaf"": false, ""is_goal"": false}, {""id"": ""J1"", ""depth"": 0, ""value"": 28, ""is_leaf"": true, ""is_goal"": false}, {""id"": ""K1"", ""depth"": 3, ""value"": 254, ""is_leaf"": false, ""is_goal"": false}, {""id"": ""L1"", ""depth"": 4, ""value"": 110, ""is_leaf"": false, ""is_goal"": false}, {""id"": ""M1"", ""depth"": 0, ""value"": 4, ""is_leaf"": true, ""is_goal"": false}, {""id"": ""N1"", ""depth"": 4, ""value"": 296, ""is_leaf"": false, ""is_goal"": false}, {""id"": ""O1"", ""depth"": 5, ""value"": 186, ""is_leaf"": false, ""is_goal"": false}, {""id"": ""P1"", ""depth"": 0, ""value"": 37, ""is_leaf"": true, ""is_goal"": false}, {""id"": ""Q1"", ""depth"": 5, ""value"": 147, ""is_leaf"": false, ""is_goal"": false}, {""id"": ""R1"", ""depth"": 6, ""value"": 39, ""is_leaf"": false, ""is_goal"": true}, {""id"": ""S1"", ""depth"": 0, ""value"": 16, ""is_leaf"": true, ""is_goal"": false}, {""id"": ""T1"", ""depth"": 1, ""value"": 8, ""is_leaf"": false, ""is_goal"": false}, {""id"": ""U1"", ""depth"": 0, ""value"": 26, ""is_leaf"": true, ""is_goal"": false}, {""id"": ""V1"", ""depth"": 2, ""value"": 18, ""is_leaf"": false, ""is_goal"": false}, {""id"": ""W1"", ""depth"": 0, ""value"": 33, ""is_leaf"": true, ""is_goal"": false}, {""id"": ""X1"", ""depth"": 3, ""value"": 204, ""is_leaf"": false, ""is_goal"": false}, {""id"": ""Y1"", ""depth"": 4, ""value"": 199, ""is_leaf"": false, ""is_goal"": false}, {""id"": ""Z1"", ""depth"": 0, ""value"": 14, ""is_leaf"": true, ""is_goal"": false}, {""id"": ""A2"", ""depth"": 1, ""value"": 20, ""is_leaf"": false, ""is_goal"": false}, {""id"": ""B2"", ""depth"": 0, ""value"": 33, ""is_leaf"": true, ""is_goal"": false}, {""id"": ""C2"", ""depth"": 2, ""value"": 13, ""is_leaf"": false, ""is_goal"": false}, {""id"": ""D2"", ""depth"": 3, ""value"": 2, ""is_leaf"": false, ""is_goal"": false}, {""id"": ""E2"", ""depth"": 4, ""value"": 13, ""is_leaf"": false, ""is_goal"": false}, {""id"": ""F2"", ""depth"": 0, ""value"": 32, ""is_leaf"": true, ""is_goal"": false}, {""id"": ""G2"", ""depth"": 0, ""value"": 25, ""is_leaf"": true, ""is_goal"": false}, {""id"": ""H2"", ""depth"": 1, ""value"": 171, ""is_leaf"": false, ""is_goal"": false}, {""id"": ""I2"", ""depth"": 0, ""value"": 39, ""is_leaf"": true, ""is_goal"": false}, {""id"": ""J2"", ""depth"": 2, ""value"": 210, ""is_leaf"": false, ""is_goal"": false}, {""id"": ""K2"", ""depth"": 0, ""value"": 38, ""is_leaf"": true, ""is_goal"": false}, {""id"": ""L2"", ""depth"": 3, ""value"": 172, ""is_leaf"": false, ""is_goal"": false}, {""id"": ""M2"", ""depth"": 0, ""value"": 40, ""is_leaf"": true, ""is_goal"": false}, {""id"": ""N2"", ""depth"": 1, ""value"": 36, ""is_leaf"": false, ""is_goal"": false}, {""id"": ""O2"", ""depth"": 0, ""value"": 12, ""is_leaf"": true, ""is_goal"": false}, {""id"": ""P2"", ""depth"": 2, ""value"": 144, ""is_leaf"": false, ""is_goal"": false}, {""id"": ""Q2"", ""depth"": 3, ""value"": 135, ""is_leaf"": false, ""is_goal"": false}, {""id"": ""R2"", ""depth"": 0, ""value"": 5, ""is_leaf"": true, ""is_goal"": false}, {""id"": ""S2"", ""depth"": 4, ""value"": 140, ""is_leaf"": false, ""is_goal"": false}, {""id"": ""T2"", ""depth"": 0, ""value"": 11, ""is_leaf"": true, ""is_goal"": false}, {""id"": ""U2"", ""depth"": 0, ""value"": 21, ""is_leaf"": true, ""is_goal"": false}, {""id"": ""V2"", ""depth"": 1, ""value"": 32, ""is_leaf"": false, ""is_goal"": false}, {""id"": ""W2"", ""depth"": 0, ""value"": 5, ""is_leaf"": true, ""is_goal"": false}, {""id"": ""X2"", ""depth"": 0, ""value"": 35, ""is_leaf"": true, ""is_goal"": false}], ""edges"": [{""source"": ""A1"", ""target"": ""C1""}, {""source"": ""A1"", ""target"": ""E1""}, {""source"": ""B1"", ""target"": ""C1""}, {""source"": ""C1"", ""target"": ""F1""}, {""source"": ""D1"", ""target"": ""E1""}, {""source"": ""E1"", ""target"": ""F1""}, {""source"": ""E1"", ""target"": ""H1""}, {""source"": ""F1"", ""target"": ""I1""}, {""source"": ""G1"", ""target"": ""H1""}, {""source"": ""H1"", ""target"": ""I1""}, {""source"": ""H1"", ""target"": ""K1""}, {""source"": ""I1"", ""target"": ""L1""}, {""source"": ""I1"", ""target"": ""N1""}, {""source"": ""J1"", ""target"": ""K1""}, {""source"": ""K1"", ""target"": ""L1""}, {""source"": ""L1"", ""target"": ""O1""}, {""source"": ""L1"", ""target"": ""Q1""}, {""source"": ""M1"", ""target"": ""N1""}, {""source"": ""N1"", ""target"": ""O1""}, {""source"": ""O1"", ""target"": ""R1""}, {""source"": ""P1"", ""target"": ""Q1""}, {""source"": ""Q1"", ""target"": ""R1""}, {""source"": ""S1"", ""target"": ""T1""}, {""source"": ""T1"", ""target"": ""V1""}, {""source"": ""U1"", ""target"": ""V1""}, {""source"": ""V1"", ""target"": ""X1""}, {""source"": ""W1"", ""target"": ""X1""}, {""source"": ""X1"", ""target"": ""Y1""}, {""source"": ""Z1"", ""target"": ""A2""}, {""source"": ""A2"", ""target"": ""C2""}, {""source"": ""B2"", ""target"": ""C2""}, {""source"": ""C2"", ""target"": ""D2""}, {""source"": ""D2"", ""target"": ""E2""}, {""source"": ""F2"", ""target"": ""H2""}, {""source"": ""G2"", ""target"": ""H2""}, {""source"": ""H2"", ""target"": ""J2""}, {""source"": ""I2"", ""target"": ""J2""}, {""source"": ""J2"", ""target"": ""L2""}, {""source"": ""K2"", ""target"": ""L2""}, {""source"": ""M2"", ""target"": ""N2""}, {""source"": ""N2"", ""target"": ""P2""}, {""source"": ""O2"", ""target"": ""P2""}, {""source"": ""P2"", ""target"": ""Q2""}, {""source"": ""Q2"", ""target"": ""S2""}, {""source"": ""R2"", ""target"": ""S2""}, {""source"": ""T2"", ""target"": ""V2""}, {""source"": ""U2"", ""target"": ""V2""}], ""rules"": [{""output"": ""C1"", ""inputs"": [""A1"", ""B1""], ""constant"": 2, ""rule_type"": ""sum_mul_k"", ""expression"": ""C1 = (A1 + B1) * 2""}, {""output"": ""E1"", ""inputs"": [""A1"", ""D1""], ""constant"": 4, ""rule_type"": ""sum_mul_k"", ""expression"": ""E1 = (A1 + D1) * 4""}, {""output"": ""F1"", ""inputs"": [""E1"", ""C1""], ""constant"": null, ""rule_type"": ""sub_xy"", ""expression"": ""F1 = E1 - C1""}, {""output"": ""H1"", ""inputs"": [""E1"", ""G1""], ""constant"": null, ""rule_type"": ""add_xy"", ""expression"": ""H1 = E1 + G1""}, {""output"": ""I1"", ""inputs"": [""H1"", ""F1""], ""constant"": null, ""rule_type"": ""sub_xy"", ""expression"": ""I1 = H1 - F1""}, {""output"": ""K1"", ""inputs"": [""H1"", ""J1""], ""constant"": null, ""rule_type"": ""sub_xy"", ""expression"": ""K1 = H1 - J1""}, {""output"": ""L1"", ""inputs"": [""K1"", ""I1""], ""constant"": null, ""rule_type"": ""sub_xy"", ""expression"": ""L1 = K1 - I1""}, {""output"": ""N1"", ""inputs"": [""I1"", ""M1""], ""constant"": 2, ""rule_type"": ""sum_mul_k"", ""expression"": ""N1 = (I1 + M1) * 2""}, {""output"": ""O1"", ""inputs"": [""N1"", ""L1""], ""constant"": null, ""rule_type"": ""sub_xy"", ""expression"": ""O1 = N1 - L1""}, {""output"": ""Q1"", ""inputs"": [""L1"", ""P1""], ""constant"": null, ""rule_type"": ""add_xy"", ""expression"": ""Q1 = L1 + P1""}, {""output"": ""R1"", ""inputs"": [""O1"", ""Q1""], ""constant"": null, ""rule_type"": ""sub_xy"", ""expression"": ""R1 = O1 - Q1""}, {""output"": ""T1"", ""inputs"": [""S1""], ""constant"": 8, ""rule_type"": ""sub_k"", ""expression"": ""T1 = S1 - 8""}, {""output"": ""V1"", ""inputs"": [""U1"", ""T1""], ""constant"": null, ""rule_type"": ""sub_xy"", ""expression"": ""V1 = U1 - T1""}, {""output"": ""X1"", ""inputs"": [""V1"", ""W1""], ""constant"": 4, ""rule_type"": ""sum_mul_k"", ""expression"": ""X1 = (V1 + W1) * 4""}, {""output"": ""Y1"", ""inputs"": [""X1""], ""constant"": 5, ""rule_type"": ""sub_k"", ""expression"": ""Y1 = X1 - 5""}, {""output"": ""A2"", ""inputs"": [""Z1""], ""constant"": 6, ""rule_type"": ""add_k"", ""expression"": ""A2 = Z1 + 6""}, {""output"": ""C2"", ""inputs"": [""B2"", ""A2""], ""constant"": null, ""rule_type"": ""sub_xy"", ""expression"": ""C2 = B2 - A2""}, {""output"": ""D2"", ""inputs"": [""C2""], ""constant"": 11, ""rule_type"": ""sub_k"", ""expression"": ""D2 = C2 - 11""}, {""output"": ""E2"", ""inputs"": [""D2""], ""constant"": 11, ""rule_type"": ""add_k"", ""expression"": ""E2 = D2 + 11""}, {""output"": ""H2"", ""inputs"": [""F2"", ""G2""], ""constant"": 3, ""rule_type"": ""sum_mul_k"", ""expression"": ""H2 = (F2 + G2) * 3""}, {""output"": ""J2"", ""inputs"": [""H2"", ""I2""], ""constant"": null, ""rule_type"": ""add_xy"", ""expression"": ""J2 = H2 + I2""}, {""output"": ""L2"", ""inputs"": [""J2"", ""K2""], ""constant"": null, ""rule_type"": ""sub_xy"", ""expression"": ""L2 = J2 - K2""}, {""output"": ""N2"", ""inputs"": [""M2""], ""constant"": 4, ""rule_type"": ""sub_k"", ""expression"": ""N2 = M2 - 4""}, {""output"": ""P2"", ""inputs"": [""N2"", ""O2""], ""constant"": 3, ""rule_type"": ""sum_mul_k"", ""expression"": ""P2 = (N2 + O2) * 3""}, {""output"": ""Q2"", ""inputs"": [""P2""], ""constant"": 9, ""rule_type"": ""sub_k"", ""expression"": ""Q2 = P2 - 9""}, {""output"": ""S2"", ""inputs"": [""Q2"", ""R2""], ""constant"": null, ""rule_type"": ""add_xy"", ""expression"": ""S2 = Q2 + R2""}, {""output"": ""V2"", ""inputs"": [""T2"", ""U2""], ""constant"": null, ""rule_type"": ""add_xy"", ""expression"": ""V2 = T2 + U2""}]}","[{""output"": ""C1"", ""inputs"": [""A1"", ""B1""], ""constant"": 2, ""rule_type"": ""sum_mul_k"", ""expression"": ""C1 = (A1 + B1) * 2""}, {""output"": ""E1"", ""inputs"": [""A1"", ""D1""], ""constant"": 4, ""rule_type"": ""sum_mul_k"", ""expression"": ""E1 = (A1 + D1) * 4""}, {""output"": ""F1"", ""inputs"": [""E1"", ""C1""], ""constant"": null, ""rule_type"": ""sub_xy"", ""expression"": ""F1 = E1 - C1""}, {""output"": ""H1"", ""inputs"": [""E1"", ""G1""], ""constant"": null, ""rule_type"": ""add_xy"", ""expression"": ""H1 = E1 + G1""}, {""output"": ""I1"", ""inputs"": [""H1"", ""F1""], ""constant"": null, ""rule_type"": ""sub_xy"", ""expression"": ""I1 = H1 - F1""}, {""output"": ""K1"", ""inputs"": [""H1"", ""J1""], ""constant"": null, ""rule_type"": ""sub_xy"", ""expression"": ""K1 = H1 - J1""}, {""output"": ""L1"", ""inputs"": [""K1"", ""I1""], ""constant"": null, ""rule_type"": ""sub_xy"", ""expression"": ""L1 = K1 - I1""}, {""output"": ""N1"", ""inputs"": [""I1"", ""M1""], ""constant"": 2, ""rule_type"": ""sum_mul_k"", ""expression"": ""N1 = (I1 + M1) * 2""}, {""output"": ""O1"", ""inputs"": [""N1"", ""L1""], ""constant"": null, ""rule_type"": ""sub_xy"", ""expression"": ""O1 = N1 - L1""}, {""output"": ""Q1"", ""inputs"": [""L1"", ""P1""], ""constant"": null, ""rule_type"": ""add_xy"", ""expression"": ""Q1 = L1 + P1""}, {""output"": ""R1"", ""inputs"": [""O1"", ""Q1""], ""constant"": null, ""rule_type"": ""sub_xy"", ""expression"": ""R1 = O1 - Q1""}, {""output"": ""T1"", ""inputs"": [""S1""], ""constant"": 8, ""rule_type"": ""sub_k"", ""expression"": ""T1 = S1 - 8""}, {""output"": ""V1"", ""inputs"": [""U1"", ""T1""], ""constant"": null, ""rule_type"": ""sub_xy"", ""expression"": ""V1 = U1 - T1""}, {""output"": ""X1"", ""inputs"": [""V1"", ""W1""], ""constant"": 4, ""rule_type"": ""sum_mul_k"", ""expression"": ""X1 = (V1 + W1) * 4""}, {""output"": ""Y1"", ""inputs"": [""X1""], ""constant"": 5, ""rule_type"": ""sub_k"", ""expression"": ""Y1 = X1 - 5""}, {""output"": ""A2"", ""inputs"": [""Z1""], ""constant"": 6, ""rule_type"": ""add_k"", ""expression"": ""A2 = Z1 + 6""}, {""output"": ""C2"", ""inputs"": [""B2"", ""A2""], ""constant"": null, ""rule_type"": ""sub_xy"", ""expression"": ""C2 = B2 - A2""}, {""output"": ""D2"", ""inputs"": [""C2""], ""constant"": 11, ""rule_type"": ""sub_k"", ""expression"": ""D2 = C2 - 11""}, {""output"": ""E2"", ""inputs"": [""D2""], ""constant"": 11, ""rule_type"": ""add_k"", ""expression"": ""E2 = D2 + 11""}, {""output"": ""H2"", ""inputs"": [""F2"", ""G2""], ""constant"": 3, ""rule_type"": ""sum_mul_k"", ""expression"": ""H2 = (F2 + G2) * 3""}, {""output"": ""J2"", ""inputs"": [""H2"", ""I2""], ""constant"": null, ""rule_type"": ""add_xy"", ""expression"": ""J2 = H2 + I2""}, {""output"": ""L2"", ""inputs"": [""J2"", ""K2""], ""constant"": null, ""rule_type"": ""sub_xy"", ""expression"": ""L2 = J2 - K2""}, {""output"": ""N2"", ""inputs"": [""M2""], ""constant"": 4, ""rule_type"": ""sub_k"", ""expression"": ""N2 = M2 - 4""}, {""output"": ""P2"", ""inputs"": [""N2"", ""O2""], ""constant"": 3, ""rule_type"": ""sum_mul_k"", ""expression"": ""P2 = (N2 + O2) * 3""}, {""output"": ""Q2"", ""inputs"": [""P2""], ""constant"": 9, ""rule_type"": ""sub_k"", ""expression"": ""Q2 = P2 - 9""}, {""output"": ""S2"", ""inputs"": [""Q2"", ""R2""], ""constant"": null, ""rule_type"": ""add_xy"", ""expression"": ""S2 = Q2 + R2""}, {""output"": ""V2"", ""inputs"": [""T2"", ""U2""], ""constant"": null, ""rule_type"": ""add_xy"", ""expression"": ""V2 = T2 + U2""}]","{""A1"": 25, ""B1"": 30, ""C1"": 110, ""D1"": 37, ""E1"": 248, ""F1"": 138, ""G1"": 34, ""H1"": 282, ""I1"": 144, ""J1"": 28, ""K1"": 254, ""L1"": 110, ""M1"": 4, ""N1"": 296, ""O1"": 186, ""P1"": 37, ""Q1"": 147, ""R1"": 39, ""S1"": 16, ""T1"": 8, ""U1"": 26, ""V1"": 18, ""W1"": 33, ""X1"": 204, ""Y1"": 199, ""Z1"": 14, ""A2"": 20, ""B2"": 33, ""C2"": 13, ""D2"": 2, ""E2"": 13, ""F2"": 32, ""G2"": 25, ""H2"": 171, ""I2"": 39, ""J2"": 210, ""K2"": 38, ""L2"": 172, ""M2"": 40, ""N2"": 36, ""O2"": 12, ""P2"": 144, ""Q2"": 135, ""R2"": 5, ""S2"": 140, ""T2"": 11, ""U2"": 21, ""V2"": 32, ""W2"": 5, ""X2"": 35}",True,True,True,,50,27,6,10,7,1
